nvar_id,svar_name,nchar1,nchar2,nchar3,nchar4,nchar5,nchar6,nchar7,nchar8,nchar9,nchar10,nchar11,nchar12,nchar13,nchar14,nchar15,nchar16,nchar17,nchar18,nchar19,nchar20,nchar21,nchar22,nchar23,nchar24,nchar25,nchar26,nchar27,nchar28,nchar29,nchar30,nchar31,nchar32,nchar33,nchar34,nchar35,nchar36,nchar37,nchar38,m9,m15,m18,m27,m29,m30,m31,m32,m33
1,Achille,7,1,0,1,7,5,3,3,5,1,1,1,5,1,1,1,1,7,1,0,0,1,4,3,3,9,7,2,5,7,3,7,3,5,1,3,2,1,119,56.8,21.2,155,28.1,10.13,2.52,7.65,2.31
3,Adone,5,1,0,1,7,5,3,5,9,1,1,1,1,1,3,1,1,7,1,0,0,7,1,3,5,7,7,1,7,7,5,7,5,3,1,3,1,1,105,69.8,22,160,38.2,9.19,3.49,6.66,2.87
4,Adret,5,1,0,1,7,7,3,5,3,1,1,1,7,1,3,1,1,5,1,0,0,1,5,3,3,9,3,2,5,7,3,7,3,5,1,3,0,1,106,73.8,18,155,27.6,9.71,2.42,7.61,2.16
5,Aegeon,5,1,0,1,7,5,3,0,9,1,3,3,5,1,7,1,1,5,0,0,3,5,4,0,0,9,7,3,7,7,7,7,7,3,1,3,0,1,116,96,18.1,157,41.69,9.5,3.8,7.2,3.3
6,Afar,5,1,0,1,7,5,1,3,9,1,1,1,1,1,3,1,1,7,9,1,1,7,1,3,5,5,9,1,7,7,7,7,7,2,1,3,1,1,111,69.8,22.6,165,45.5,8.96,4.18,6.72,3.49
7,Aguirre,7,1,0,1,7,5,3,3,9,1,1,1,1,1,1,1,1,7,1,0,0,1,1,2,3,5,7,1,3,7,3,7,3,5,1,3,2,1,102,58.6,20.2,146,22.1,9.4,2.7,6.9,2.2
8,Aiace,7,1,0,1,5,5,3,5,3,1,1,1,3,1,1,1,1,5,1,0,0,5,1,3,3,7,3,2,5,7,5,7,3,4,1,3,2,1,82,60,19.6,130,27.83,9.17,2.82,6.9,2.48
9,Akitakomachi,5,1,1,1,7,3,3,3,5,1,1,1,1,1,5,1,1,5,9,2,3,5,1,3,5,9,3,2,5,3,5,3,5,2,1,3,1,1,84,80.4,17.6,127,25.4,7.38,3.27,5.15,2.8
10,Albatros,5,1,0,1,5,5,3,1,3,1,1,1,1,1,3,1,1,5,1,0,0,1,1,2,3,9,5,2,3,7,3,7,3,5,1,3,1,1,83,71.8,15.6,140,22.71,9.55,2.65,7.33,2.31
11,Albufera,3,1,0,1,5,7,1,1,9,1,1,1,1,1,3,1,1,3,1,0,0,5,1,1,1,7,9,2,5,3,5,3,7,2,1,3,2,1,121,66.6,11.8,170,29.14,7.03,3.67,5.23,3.12
12,Alena,5,1,0,1,7,7,1,3,9,1,1,1,5,1,3,1,1,7,1,0,0,1,3,3,5,3,7,2,3,7,3,7,3,5,1,3,1,1,113,60.2,20.4,160,23.65,8.88,2.49,6.9,2.23
13,Aleramo,3,1,0,1,7,5,3,3,5,1,1,1,1,1,5,1,1,5,9,5,5,3,5,3,5,7,7,4,7,7,7,7,7,3,1,3,1,1,88,86.7,16.8,150,52.82,10.1,4.3,7.5,3.6
14,Alice,5,1,0,1,5,5,3,5,5,1,1,1,1,1,3,1,1,5,1,0,0,1,1,2,1,5,5,2,5,7,5,7,5,4,1,3,2,1,89,73.2,15,144,34.04,9.03,3.14,7.13,2.75
16,Alpe,3,1,0,1,5,5,3,3,5,1,1,1,1,1,5,1,1,5,1,0,0,5,1,2,3,9,3,2,5,5,5,7,5,3,1,3,1,1,85,84.2,16.6,135,27.49,8.37,3.2,6.38,2.75
17,Ambra,5,1,0,1,7,5,3,3,5,1,1,1,1,1,3,1,1,7,9,3,7,5,1,3,1,7,5,2,3,3,5,3,7,2,1,3,1,1,90,73.8,23.2,145,21.46,7.33,3.63,5.19,3.01
19,Andolla,5,1,0,1,7,5,5,5,5,1,1,1,1,1,3,1,1,5,1,0,0,5,1,3,3,7,3,2,5,7,3,7,3,5,1,3,2,1,85,73.2,18.8,133,29.98,10.39,2.72,7.87,2.33
20,Antares,7,1,0,1,5,3,3,5,5,1,1,1,7,1,3,1,1,5,1,0,0,1,4,3,3,9,5,2,5,7,5,7,5,4,1,3,1,1,86,74.3,16.2,138,34.69,9.7,3.1,7.2,2.6
21,Apollo,7,1,0,1,7,7,3,3,3,1,1,1,9,5,5,1,1,7,1,0,0,1,5,3,3,9,3,2,5,7,3,7,3,5,1,3,2,3,83,80.4,20.6,131,27.35,10.16,2.56,7.89,2.26
22,Arborio,5,1,0,9,7,5,3,3,9,1,5,5,7,1,9,9,9,5,1,0,0,9,3,3,5,9,5,3,7,7,7,7,7,3,1,3,1,1,105,101,19.4,145,35.52,9.43,4.04,7.07,3.4
23,Arcadia,7,1,0,1,7,7,3,5,9,1,1,1,1,1,3,1,1,5,1,0,0,1,1,3,3,9,7,2,5,5,5,7,5,3,1,3,0,1,103,75,16.8,150,31.6,8.29,3.24,6.4,2.82
24,Arco,5,1,0,1,5,5,5,7,7,1,1,1,1,1,5,1,1,5,1,0,0,5,1,2,1,9,5,2,5,7,5,7,5,3,1,3,1,1,95,86,18.6,142,29.82,8.52,3.09,6.49,2.67
25,Ares,5,1,0,1,5,5,3,5,5,1,1,1,1,1,3,1,1,5,1,0,0,5,1,2,3,7,3,2,5,7,5,7,5,4,1,3,1,1,90,74.6,17.2,135,33.13,8.92,3.08,7.01,2.69
26,Argo,5,1,0,1,7,7,3,3,9,1,5,5,7,1,5,1,1,7,1,0,0,9,5,3,5,9,5,4,7,5,7,5,7,2,1,3,2,1,100,77.4,20.2,145,36.61,8.01,3.93,5.95,3.34
27,Ariete,5,1,0,1,7,7,3,3,5,1,1,1,1,1,5,1,1,5,1,0,0,5,1,2,1,9,5,2,5,7,5,7,5,4,1,3,1,1,86,87.3,15,145,29.83,9.1,3.1,6.8,2.7
28,Aristotele,3,1,0,1,3,5,1,3,7,1,1,1,1,1,1,1,1,5,1,0,0,5,1,3,3,9,7,2,5,5,5,5,5,2,1,3,1,1,93,59.8,17,150,29.2,7.65,3.51,5.54,2.92
29,Arpa,5,1,0,1,3,5,3,3,5,1,1,1,1,1,5,1,1,3,1,0,0,5,1,2,1,9,7,2,5,3,7,3,7,2,1,3,2,1,88,75.8,13.6,160,31.45,7.16,3.76,5.31,3.2
30,Arsenal,5,1,0,1,5,5,3,5,3,1,1,1,1,1,3,1,1,5,1,0,0,3,4,3,5,5,3,1,3,7,3,7,3,5,1,3,2,1,85,66,21.8,135,25.12,9.12,2.45,7.12,2.11
31,Artemide,5,1,0,1,7,5,3,3,5,1,1,1,1,1,5,1,1,7,1,0,0,5,5,3,5,5,5,2,3,7,3,7,3,5,9,3,1,3,98,84.6,20.6,140,23.74,10.68,2.58,7.66,2.01
32,Artiglio,5,1,0,1,5,3,1,3,5,1,1,1,1,1,1,1,1,5,1,0,0,3,1,3,5,5,5,2,5,7,3,7,3,5,1,3,2,1,90,55.2,19.6,140,25.22,10.22,2.25,7.81,2.08
33,Asia,3,1,0,1,7,3,3,3,7,1,1,1,9,1,3,1,1,5,1,0,0,1,5,3,3,3,7,2,5,7,3,7,3,5,1,3,2,3,95,64.4,20,150,31.09,10.56,2.46,8.35,2.2
34,Asso,5,1,0,1,7,5,3,5,7,1,1,1,1,1,5,1,1,7,1,0,0,5,1,2,3,7,5,2,5,5,5,5,5,3,1,3,1,1,97,85,20.4,141,32.04,8.24,3.46,6.21,2.99
35,Astro,5,1,0,1,5,7,3,5,7,1,1,1,1,1,5,1,1,5,1,0,0,1,1,2,3,5,5,2,5,5,5,5,5,3,1,3,2,1,93,81,17.4,138,26.97,8.15,2.91,6.28,2.64
36,Atene,5,1,0,1,7,5,3,5,9,1,1,1,1,1,3,1,1,7,1,0,0,7,1,3,5,7,7,1,7,7,5,7,5,3,1,3,2,1,105,69.8,22,160,38.2,9.2,3.5,6.7,2.9
37,Atlantis,5,1,0,1,5,5,3,3,7,1,1,1,5,1,3,1,1,5,1,0,0,1,5,3,5,7,5,1,5,7,3,7,3,5,1,3,1,1,94,69.5,17.5,140,26.89,9.7,2.6,7.4,2.3
38,Augusto,5,1,0,1,7,7,3,3,5,1,1,1,1,1,5,1,1,7,1,0,0,5,1,3,5,9,5,2,3,7,5,7,5,4,1,3,1,1,85,74.8,22,138,23.74,9.08,3.07,6.8,2.64
39,Aurelia,5,1,0,1,7,5,3,3,9,1,1,1,1,1,3,1,1,7,1,0,0,5,1,3,5,7,7,2,5,7,3,7,3,5,1,3,0,1,123,68.4,21.8,159,27.15,10.1,2.5,7.7,2.2
40,Axios,5,1,0,1,7,5,3,5,9,1,1,1,1,1,5,1,1,7,1,0,0,5,1,3,5,9,7,2,7,7,5,7,7,3,1,3,0,1,105,85,20.4,155,36.8,9.53,3.66,7.09,3.07
41,Aychade,7,1,0,1,7,3,1,5,9,1,1,1,7,5,1,1,1,5,1,0,0,1,5,3,3,5,7,1,5,7,3,7,3,5,1,3,0,1,110,47,16.2,158,29.4,11.7,2.53,8.61,2.06
42,Bacco,5,1,0,1,5,7,5,5,5,1,1,1,1,1,7,1,1,5,1,0,0,5,1,2,5,7,6,2,7,7,5,7,7,3,1,3,1,1,85,78.65,15.5,145,40.33,9.7,3.6,7.4,3.1
43,Bahia,7,1,0,1,7,5,3,5,9,1,1,1,1,1,5,1,1,5,1,0,0,7,1,3,1,9,9,2,7,5,5,5,7,2,1,3,1,1,118,85,16.4,175,37.1,8.1,3.7,6,3.1
44,Baixet,7,1,0,1,5,7,1,1,9,1,1,1,1,1,1,1,1,5,9,5,5,3,1,2,3,5,9,1,5,7,5,5,5,3,1,3,1,1,110,44,16.8,168,33.1,8.8,3.4,6.3,2.9
45,Baldo,3,1,0,1,7,7,5,5,5,1,1,1,1,1,7,1,1,5,1,0,0,7,1,3,3,9,5,2,7,7,5,7,7,3,1,3,1,1,85,90.2,17.4,140,37,9.46,3.64,7.22,3.1
46,Balilla,5,1,0,1,3,3,3,3,5,1,1,1,1,1,5,1,1,3,1,0,0,5,1,2,3,9,7,2,5,3,5,3,7,2,1,3,1,1,88,82.51,13.66,150,27.3,6.99,3.58,5.12,3.08
47,Balilla X Sollana,3,1,0,1,7,5,3,3,9,1,1,1,1,1,5,1,1,5,1,0,0,7,1,3,5,9,9,2,5,3,5,3,7,2,1,3,0,1,114,88.8,19.8,165,30.9,7.24,3.64,5.21,3.11
49,Barcarin,5,1,0,1,7,5,5,5,9,1,1,1,3,1,3,1,1,7,1,0,0,1,5,3,5,7,9,2,5,7,3,7,3,5,1,3,0,1,121,68.6,20.2,165,30.04,10.56,2.63,7.87,2.3
50,Bendret,5,1,0,1,5,7,1,3,9,1,1,1,1,1,1,1,1,5,1,0,0,5,1,2,3,5,9,2,5,5,7,5,7,2,1,3,1,1,124,49.2,15.4,173,34.77,7.6,4.01,5.6,3.34
51,Benisants,5,1,0,1,5,7,3,3,9,1,1,1,1,1,1,1,1,5,1,0,0,7,1,3,5,5,9,2,7,5,7,5,7,2,1,3,1,1,123,57.2,16,183,37.75,8.02,4.2,5.72,3.43
53,Bianca,5,1,0,1,7,7,1,1,5,1,1,1,1,1,3,1,1,7,1,0,0,1,1,3,5,7,5,1,7,7,5,7,7,3,1,3,1,1,90,62.4,20.2,145,41.65,9.66,3.47,7.41,3.01
54,Bomba,3,1,0,1,7,5,3,3,9,1,1,1,1,1,7,1,1,5,9,5,5,7,1,3,3,9,7,2,3,5,5,3,3,3,1,3,2,1,120,93,18.8,160,18.8,7.66,2.93,5.33,2.49
55,Bombonet,5,1,0,1,5,7,3,3,7,1,1,1,1,1,5,1,1,3,9,5,7,9,1,3,3,5,7,2,7,5,7,5,7,2,1,3,1,1,110,80.6,13.4,155,37.41,8.33,3.9,6.07,3.25
56,Bravo,5,1,0,1,3,7,5,3,3,1,1,1,1,1,3,1,1,3,1,0,0,5,1,2,1,9,3,2,5,7,5,7,5,3,1,3,1,1,80,74,13.4,130,29.2,9.02,3.28,6.7,2.77
57,Brio,5,1,0,1,3,5,3,3,5,1,1,1,1,1,3,1,1,5,9,4,5,5,1,3,3,9,7,2,3,3,5,3,5,2,1,3,1,1,87,63.8,15.2,144,21.23,7.15,3.4,5.22,2.92
58,BS1,5,1,0,1,7,5,3,5,5,1,1,1,1,1,5,1,1,5,1,0,0,7,1,3,5,7,5,1,7,7,5,7,5,3,1,3,1,1,85,87.6,19.2,143,37.39,9.3,3.5,6.9,3
59,Cadet,5,1,0,1,7,7,3,5,5,1,1,1,1,1,3,1,1,7,1,0,0,5,1,3,3,9,5,2,3,7,3,7,3,4,1,3,1,1,90,65.4,20.4,140,19.95,9.39,2.76,6.88,2.31
60,Cala,7,1,0,1,7,7,3,3,7,1,1,1,7,1,3,1,1,5,1,0,0,1,1,3,3,5,7,2,3,7,3,7,3,5,1,3,1,1,116,60.8,17,155,24.19,9.17,2.54,6.87,2.21
61,Calca,3,1,0,1,5,5,3,5,9,1,1,1,1,1,5,1,1,5,1,0,0,9,1,3,1,9,9,2,5,5,5,5,5,2,1,3,1,1,107,82,14.4,162,33.7,8,3.6,5.8,3
62,Calipso,5,1,0,1,5,7,3,3,5,1,1,1,1,1,5,1,1,5,1,0,0,5,1,2,1,9,5,2,5,7,5,7,5,4,1,3,1,1,86,76.69,15.24,137,32.01,9,3.15,6.84,2.73
64,Carmen,5,1,0,1,7,5,5,5,5,1,1,1,1,1,3,1,1,5,1,0,0,7,1,3,3,9,3,2,7,7,5,7,5,4,1,3,1,1,86,74.6,18.6,129,39.1,9.65,3.14,7.63,2.69
65,Carmen (Es),5,1,0,1,5,5,5,5,9,1,1,1,7,5,3,1,1,5,9,1,3,1,5,3,3,5,7,2,5,7,3,7,3,5,1,3,1,1,126,62,18.2,160,27.83,10.18,2.44,7.81,2.19
66,Carnaroli,5,1,0,1,7,7,1,5,9,1,1,1,5,1,9,1,9,7,9,5,9,5,5,3,5,9,7,3,5,7,7,7,7,3,1,3,2,1,100,114.4,21.8,148,32.78,9.19,3.81,7.11,3.24
67,Carnise,3,1,0,1,7,5,3,3,6,1,1,1,5,1,5,1,1,7,1,0,0,5,5,3,5,9,6,4,7,7,7,7,7,3,1,3,2,1,109,78.8,21,145,42.03,9.39,4.06,7.14,3.36
68,Carnise Precoce,3,1,0,1,5,5,3,5,3,1,1,1,5,1,5,1,1,7,1,0,0,5,5,3,5,7,3,4,7,7,7,7,7,3,1,3,2,1,90,76,22,135,41.27,9.36,3.8,7.03,3.17
69,Castells,5,1,0,1,5,7,3,3,9,1,1,1,1,1,3,1,1,5,1,0,0,7,1,3,3,9,9,2,5,5,7,5,7,2,1,3,1,1,122,70.8,14.2,172,34.06,8.1,3.8,6,3.2
70,Castelmochi,5,1,0,1,5,3,3,5,5,1,1,1,1,1,5,1,1,5,9,4,7,5,3,3,3,7,3,2,3,3,5,3,5,2,1,1,1,1,85,75.6,17.2,135,24.6,6.88,3.48,4.64,2.87
71,Centauro,5,1,0,1,5,7,3,5,5,1,1,1,1,1,3,1,1,5,9,2,1,5,1,2,3,9,5,2,3,3,7,3,7,2,1,3,1,1,85,71.4,17.6,135,23.19,7.18,3.71,5.18,3.13
72,Cerere,5,1,0,1,3,5,1,3,5,1,1,1,1,1,3,1,1,5,9,3,5,5,1,2,3,9,5,2,5,3,5,3,5,2,1,3,1,1,90,63.4,16.6,145,28.28,7.39,3.52,5.15,2.99
73,Cervo,5,1,0,1,5,7,3,3,5,1,1,5,7,1,5,1,1,5,1,0,0,5,4,2,3,3,5,4,7,7,5,7,5,3,1,3,1,1,86,85.6,15.8,142,37.1,9.26,3.32,7.09,2.88
74,Cesare,7,9,4,9,5,5,5,5,9,1,7,7,9,5,3,9,9,5,1,0,0,1,6,3,5,9,5,2,5,5,5,5,5,3,1,3,2,1,106,64.2,18.6,138,29.55,8.15,3.41,6.26,2.96
75,Chimera,5,1,0,1,3,5,1,3,5,1,1,1,1,1,3,1,1,3,1,0,0,7,1,2,1,5,3,2,5,3,5,3,7,2,1,1,1,1,86,67.8,13.8,135,28.52,7.14,3.59,5.14,3.05
76,Cigalon,5,1,0,1,5,3,5,5,3,1,1,1,1,1,3,1,1,5,1,0,0,5,1,2,3,9,3,2,5,3,5,3,7,2,1,3,1,1,78,65.2,15.8,128,30,7.45,3.61,5.45,3.04
77,CL26,5,1,0,1,5,3,3,5,3,1,1,1,7,5,3,1,1,5,1,0,0,1,5,3,3,7,3,1,3,7,3,7,3,5,1,3,2,1,85,61,16.8,130,24.02,9,2.4,7,2.2
78,CL71,5,1,0,1,5,3,5,7,5,1,1,1,9,4,3,1,1,5,1,0,0,1,6,3,3,5,5,1,3,7,3,7,3,5,1,3,2,1,84,60,18,135,25.9,9.3,2.5,7.4,2.2
79,CL8825,5,1,0,1,5,5,3,5,5,1,1,1,1,1,5,1,1,5,1,0,0,1,1,0,0,7,3,2,5,3,5,3,7,2,1,3,1,1,86,79.2,17.6,126,28.78,7.1,3.5,5.2,3.1
80,Clavel,7,1,0,1,5,5,1,3,9,1,1,1,7,1,5,1,1,5,1,0,0,1,6,3,5,7,7,2,3,7,3,7,3,5,1,3,1,1,117,76.4,17.8,160,21.85,9.91,2.35,6.94,2.1
81,CLXL745,5,9,2,1,7,3,3,3,9,1,1,1,7,5,5,1,1,7,1,0,0,3,5,3,5,3,7,2,5,7,3,7,5,5,1,3,1,1,103,75.14,21.82,155,25.78,9.13,2.55,6.98,2.29
82,Cobra,5,1,0,1,3,5,3,3,5,1,1,1,1,1,5,1,1,5,1,0,0,1,1,2,5,7,7,2,5,7,5,7,5,3,1,3,1,1,91,85,18.8,146,32.61,8.87,3.2,6.61,2.8
83,Coco,5,1,0,1,7,5,3,5,3,1,1,1,1,1,3,1,1,5,1,0,0,1,1,2,3,9,5,2,5,5,5,5,5,3,1,3,0,1,104,72.6,18.2,142,29.8,8.34,3.31,6.24,3
84,Condor,5,1,0,1,5,5,1,3,9,1,1,1,5,1,1,1,1,5,1,0,0,1,5,3,3,7,7,2,5,7,3,7,3,5,1,3,2,1,107,55.2,19,150,26.31,9.9,2.43,7.85,2.13
85,Corbetta,3,1,0,1,7,5,3,5,3,1,1,1,5,1,5,1,1,5,1,0,0,7,3,3,3,9,3,3,5,5,7,5,7,2,1,3,0,1,80,75.4,18.8,135,31.93,8.12,3.85,6.03,3.23
86,Cormoran,5,1,0,1,7,5,3,3,9,1,1,1,1,1,3,1,1,5,1,0,0,3,1,3,5,3,9,2,5,7,3,7,3,5,1,3,2,1,123,60.8,19.4,166,29.04,10.25,2.59,7.84,2.22
87,Cosmic,5,1,0,1,5,3,1,3,9,1,1,1,3,5,1,1,1,5,1,0,0,1,4,3,3,7,5,1,5,7,3,7,3,5,1,3,0,1,103,52,17.8,143,26.5,9.74,2.51,7.53,2.22
88,Creso,5,1,0,1,5,7,1,3,5,1,1,1,1,1,3,1,1,5,1,0,0,3,1,3,3,7,5,2,3,7,5,7,5,3,1,3,1,1,90,65,18.8,145,24.63,9.05,3.22,6.56,2.74
89,Cripto,5,1,0,1,5,5,1,3,3,1,1,1,5,1,3,1,1,5,1,0,0,5,4,2,3,7,3,4,5,5,5,5,7,2,1,3,2,1,82,67.4,18.2,135,28.96,7.84,3.6,5.68,3.05
90,CRLB1,7,1,0,1,5,3,3,5,1,1,1,1,5,5,3,1,1,5,1,0,0,1,5,3,3,7,1,2,5,7,3,7,3,5,1,3,2,1,77,62.6,17.1,118,29.17,10.5,2.6,7.9,2.2
91,Crono,5,1,0,1,5,5,1,3,5,1,1,1,1,1,3,1,1,5,1,0,0,1,1,3,3,9,4,1,5,5,5,5,5,3,1,3,1,1,88,63,17.4,134,26,8.09,3.04,5.92,2.63
92,CRW3,5,1,0,1,5,5,1,3,3,1,1,1,3,1,5,1,1,5,9,2,3,3,3,2,3,9,3,2,5,3,5,3,5,2,1,1,1,1,85,86.7,16.6,135,26.84,7.4,3.5,5,2.9
93,Dardo,5,1,0,1,3,5,1,3,3,1,1,1,3,1,3,1,1,5,1,0,0,3,1,3,3,9,3,2,5,7,5,7,5,3,1,3,1,1,85,64.4,19.2,130,27.05,8.77,3.1,6.44,2.62
94,Dedalo,5,1,0,1,3,5,3,5,7,1,1,1,1,1,3,1,1,5,1,0,0,7,1,2,1,7,7,2,5,7,3,7,3,5,1,3,2,1,93,73,15.8,150,27.6,9.33,2.6,7.27,2.25
95,Delfino,5,1,0,1,3,5,5,5,5,1,1,1,1,1,3,1,1,5,1,0,0,3,1,2,3,9,5,2,5,5,5,5,5,3,1,3,1,1,87,64,14.6,136,29.33,8.24,3.39,6.11,2.9
96,Delmar,3,1,0,1,5,5,1,1,9,1,1,1,1,1,1,1,1,5,1,0,0,3,1,3,5,3,9,2,5,7,3,7,3,5,1,3,2,3,125,57,19.2,170,26.09,9.61,2.13,6.98,1.91
97,Delta,7,1,0,1,3,5,1,3,3,1,1,1,1,1,1,1,1,5,1,0,0,1,1,2,3,5,5,2,7,7,5,7,7,3,1,3,0,1,107,47.8,16,170,35.9,8.57,3.46,6.46,3.03
98,Deneb,5,1,0,1,5,5,1,3,5,1,1,1,1,1,5,1,1,5,9,2,1,1,1,3,3,9,5,2,5,5,5,5,5,3,1,3,1,1,88,81.3,17.9,137,30.37,8.35,3.29,6.09,2.84
99,Dimitra,5,1,0,1,5,7,1,3,9,1,1,1,1,1,3,1,1,5,1,0,0,5,1,3,3,9,9,2,5,7,5,7,5,3,1,3,0,1,121,73.4,16,180,34.14,8.74,3.19,6.7,2.79
100,Dion,5,1,0,1,7,5,3,3,9,1,1,1,1,1,5,1,1,5,1,0,0,5,1,2,3,7,7,2,5,5,5,5,5,3,1,3,0,1,110,75.4,17.6,151,27.3,8.32,3.04,6.17,2.61
101,Donana,5,1,0,1,7,3,3,3,9,1,1,1,7,5,1,1,1,7,1,0,0,1,5,3,3,5,7,2,5,7,3,7,3,5,1,3,1,1,114,55.4,22,157,25.3,9.19,2.4,7.18,2.12
102,Drago,5,1,0,1,5,7,3,5,3,1,1,1,1,1,5,1,1,5,1,0,0,5,1,3,5,9,7,2,5,7,5,7,5,3,1,3,1,1,82,83.4,15.6,160,29.49,8.88,3.17,6.77,2.73
103,Ducato,5,1,0,1,3,5,3,3,5,1,1,1,1,1,3,1,1,5,1,0,0,5,1,2,3,9,4,2,5,3,5,3,5,2,1,3,1,1,80,65,13.5,127,30.14,7.3,3.6,5.4,3.1
104,Dunarea,5,1,0,1,7,7,3,5,9,1,1,1,1,1,0,1,1,0,1,0,0,1,1,3,3,9,0,2,0,0,0,0,0,3,1,3,1,1,103,0,0,0,0,0,0,0,0
105,Ebro,5,1,0,1,7,3,5,5,5,1,1,1,1,1,5,1,1,5,1,0,0,1,1,3,5,9,3,2,5,7,5,7,5,4,1,3,1,1,85,76,17,135,29.11,8.84,2.96,6.64,2.58
106,Elba,5,1,0,1,7,5,5,5,3,1,1,1,1,1,7,1,1,5,1,0,0,1,1,3,3,9,5,2,7,7,5,7,7,3,1,3,2,1,96,91.6,18.2,150,39.13,9.24,3.48,7.1,3.08
107,Elida,5,1,0,1,7,7,5,7,1,1,1,1,7,5,7,1,1,7,1,0,0,3,5,3,5,9,5,2,5,3,5,5,7,2,1,3,1,1,99,92.6,20.8,144,26.89,7.39,3.54,5.52,3.06
108,Elio,5,1,0,1,3,7,3,3,5,1,1,1,5,1,3,1,1,5,1,0,0,7,5,2,1,7,7,4,5,3,5,3,7,2,1,3,2,1,87,68.4,14.8,160,28.15,7.17,3.67,5.2,3.13
109,Ellebi,7,1,0,1,3,3,5,5,5,1,1,1,5,1,3,1,1,7,1,0,0,3,4,3,3,7,5,1,3,7,3,7,3,5,1,3,1,1,89,69.6,21.2,137,27.6,9.52,2.56,7.64,2.17
110,Eolo,5,1,0,1,5,5,3,3,7,1,1,1,7,1,3,1,1,5,1,0,0,1,6,3,5,7,5,2,3,7,3,7,3,5,1,3,2,1,95,65,18.8,138,22.95,9.47,2.46,7.49,2.13
111,Ercole,5,1,0,1,3,7,3,5,7,1,1,1,5,1,5,1,1,5,1,0,0,5,4,2,3,7,5,3,5,7,5,7,5,4,1,3,1,1,95,79,18,145,30.05,8.94,3.14,6.7,2.69
112,Eridano,5,1,0,1,3,5,3,3,5,1,1,1,1,1,5,1,1,5,9,4,5,5,1,2,3,9,5,2,5,3,5,3,5,2,1,3,1,1,85,63.92,14.1,140,27.79,7.4,3.6,5.2,3.1
114,Europa,5,1,0,1,5,5,3,3,7,1,1,1,1,1,7,1,1,5,1,0,0,5,1,2,3,5,7,2,5,7,5,7,5,3,1,3,1,1,97,90.6,16.8,160,31.01,8.7,3.27,6.61,2.79
115,Eurosis,5,1,0,1,5,7,3,3,3,1,1,1,1,1,3,1,1,5,1,0,0,5,1,2,3,9,5,2,5,7,3,7,3,4,1,3,1,1,83,67.8,19.4,140,25.72,8.92,2.78,6.54,2.39
116,Evropi,5,1,0,1,7,5,3,3,9,1,1,1,1,1,3,1,1,5,1,0,0,5,1,2,3,7,7,2,5,7,5,7,5,3,1,3,0,1,110,74.8,17.6,159,27.1,8.92,3.3,6.59,2.76
117,Fanga,5,1,0,1,5,5,3,3,9,1,1,1,1,1,3,1,1,5,1,0,0,7,1,3,5,9,7,2,7,5,7,5,7,2,1,3,1,1,106,72.2,16.6,159,36.1,8.3,3.8,6.1,3.1
118,Fani,5,1,0,1,7,5,5,5,9,1,1,1,1,1,3,1,1,5,1,0,0,5,1,3,3,7,9,2,7,7,5,7,5,5,1,3,0,1,121,74.4,19.8,170,42.46,10.84,2.9,8.26,2.65
119,Fast,5,1,0,1,5,3,3,3,3,1,1,1,1,1,3,1,1,5,1,0,0,3,1,3,3,3,3,2,5,7,3,7,3,5,1,3,2,1,81,59.21,18.76,132,26.46,9.56,2.47,7.52,2.07
120,Fenis,5,1,0,1,7,5,5,5,7,1,1,1,7,1,5,1,1,7,1,0,0,1,6,3,5,9,5,2,3,5,3,7,3,5,1,3,2,1,95,86,20.02,140,19.4,8.47,2.22,6.81,2.01
121,Fidji,7,9,2,1,5,5,1,1,9,1,1,1,1,1,1,1,1,7,1,0,0,1,1,3,3,3,7,1,3,7,3,7,3,5,1,3,0,1,111,48,21.2,159,24.3,10.87,2.5,7.96,2.16
122,Filira,5,1,0,1,5,5,3,3,9,1,1,1,5,5,1,1,1,5,1,0,0,1,5,3,3,7,9,1,5,7,3,7,3,5,1,3,0,1,114,58,19.6,161,28.5,9.29,2.37,7.3,2.14
123,Flipper,5,1,0,1,3,5,3,3,3,1,1,1,1,1,3,1,1,5,1,0,0,5,1,2,3,7,5,2,3,7,5,5,5,3,1,3,1,1,83,65.8,16,140,24.42,8.86,3.35,6.27,2.87
124,Fonsa,7,1,0,1,5,7,1,3,3,1,1,1,1,1,1,1,1,3,1,0,0,1,1,2,3,7,5,2,5,5,5,5,7,2,1,3,1,1,105,50.8,13.6,167,32.9,8.03,3.57,5.83,3.04
125,Fragrance,5,1,0,1,5,3,3,3,5,1,1,1,9,5,3,1,1,5,1,0,0,1,6,3,3,7,5,2,3,7,3,7,3,5,1,3,2,3,89,60.2,19.2,143,24.97,9.7,2.7,7.6,2.4
126,Fulgente-Iro,5,1,0,1,7,5,3,5,3,1,1,1,1,1,5,1,1,5,1,0,0,5,1,3,3,9,5,2,5,5,5,5,5,3,1,3,0,1,83,86.2,18.6,143,28.49,8.38,3.25,6.22,2.76
127,Galatxo,7,1,0,1,7,5,3,3,9,1,1,1,1,1,3,1,1,7,9,1,1,7,1,3,5,7,9,2,7,7,7,7,7,3,1,3,1,1,111,61.2,20.8,172,37.6,8.53,3.78,6.38,3.2
128,Galileo,5,1,0,1,5,7,3,3,5,1,1,1,1,1,3,1,1,5,1,0,0,7,1,2,3,9,3,1,7,7,5,7,7,3,1,3,1,1,84,63.8,18.2,135,40,9.39,3.69,7.13,3.17
129,Gallis,7,1,0,1,7,5,3,3,9,1,1,1,1,1,1,1,1,5,1,0,0,5,1,2,3,9,5,1,3,7,3,7,3,5,1,3,0,1,103,59.8,15.6,145,22.31,9.67,2.42,7.31,2.05
130,Galo,5,1,0,1,7,7,3,5,5,1,1,1,9,5,5,1,1,3,1,0,0,7,6,2,3,7,7,2,3,7,3,7,3,5,6,3,1,1,107,75.8,14,150,21.3,8.99,2.6,6.87,2.13
131,Gange,7,1,0,1,5,5,1,1,9,1,1,1,7,5,3,1,1,5,9,3,5,1,5,3,5,9,7,2,5,7,3,7,3,5,1,3,2,3,100,68,18.2,155,29.2,10.16,2.52,7.91,2.22
132,Garda,3,1,0,1,7,5,3,5,9,1,1,1,1,1,5,1,1,5,1,0,0,1,1,2,3,9,7,2,7,7,7,7,7,2,1,3,2,1,100,85.2,20,150,47.99,9.36,4.22,7.06,3.58
133,Gavina,5,1,0,1,5,7,3,3,9,1,1,1,1,1,1,1,1,5,1,0,0,7,1,2,3,5,9,2,5,5,5,5,7,2,1,3,1,1,113,55.8,14.4,162,32.06,7.72,3.57,5.7,3.07
134,Gemini,5,1,0,1,7,3,5,7,5,1,1,1,7,5,1,1,1,5,1,0,0,5,5,3,3,5,3,2,5,7,3,7,3,5,1,3,2,1,95,60,19.6,130,30.35,10.16,2.53,8.04,2.24
135,Genio,5,1,0,1,7,5,3,5,5,1,1,1,1,1,5,1,1,5,1,0,0,1,1,2,3,7,7,2,7,7,7,7,7,3,1,3,1,1,98,90,17.3,146,37.51,9.17,3.77,6.81,3.25
136,Giada,5,1,0,1,7,5,1,1,9,1,1,1,1,1,3,1,1,5,1,0,0,1,1,3,5,5,7,2,3,7,3,7,3,5,1,3,2,1,102,70.8,18,155,24.94,9.68,2.31,7.6,2.09
137,Giano,5,1,0,1,3,5,3,5,3,1,1,1,1,1,3,1,1,5,1,0,0,1,1,3,5,9,3,2,5,7,3,7,3,5,1,3,1,3,82,61.8,18.2,132,26.83,10.27,2.51,7.65,2.16
138,Gigante Vercelli,5,1,0,1,7,5,3,5,5,1,1,5,9,5,9,1,1,7,9,1,5,9,6,3,5,9,7,4,7,7,7,7,7,3,1,3,0,1,91,104,21,153,37.11,8.83,3.95,6.76,3.27
139,Giglio,5,1,0,1,3,3,1,3,5,1,1,1,7,5,3,1,1,5,1,0,0,1,5,2,3,3,4,2,5,7,3,7,3,5,1,3,2,3,90,54.53,15.4,135,31.68,10.2,2.6,7.9,2.4
140,Giove,5,1,0,1,7,3,1,3,9,1,1,1,7,1,3,1,1,5,9,2,3,1,4,3,3,5,7,2,5,7,3,7,3,5,1,3,2,1,101,63.4,19.4,160,29.88,10.5,2.48,8.22,2.21
141,Gladio,5,1,0,1,5,3,3,3,5,1,1,1,3,1,3,1,1,5,1,0,0,1,4,3,3,7,3,1,3,7,3,7,3,5,1,3,2,1,90,57.8,18.6,130,23.39,9.23,2.43,7.1,2.15
142,Gleva,7,1,0,1,3,5,3,3,9,1,1,1,1,1,1,1,1,3,1,0,0,1,1,2,1,5,9,2,7,5,5,5,7,2,1,3,1,1,105,47.8,13.2,170,35.2,7.67,3.68,5.73,3.2
143,Gloria,5,1,0,1,5,5,1,5,3,1,1,1,1,1,3,1,1,5,9,2,1,7,1,3,3,7,5,2,7,7,7,7,7,3,1,3,1,1,86,61.07,14.4,139,41.46,9.3,3.9,6.8,3.3
144,Golden,5,1,0,1,5,5,1,3,3,1,1,1,1,1,1,1,1,5,1,0,0,5,1,3,5,9,3,2,5,7,5,7,5,3,1,3,0,1,121,57.6,19.2,173,31.4,8.7,3.2,6.6,2.8
145,Graldo,5,1,0,1,5,5,3,5,5,1,1,1,9,5,5,1,9,5,1,0,0,1,6,2,3,9,3,2,3,7,3,7,3,5,1,3,2,1,90,88.2,17,130,22.2,8.88,2.36,6.9,2.12
146,Greppi,5,1,0,1,5,5,1,3,7,1,1,1,1,1,3,1,1,5,1,0,0,1,1,3,5,7,9,2,3,5,5,5,5,3,1,3,0,1,98,74.4,18.6,146,22.02,7.55,3.02,5.52,2.63
147,Guadiamar,5,1,0,1,7,3,3,5,9,1,1,1,1,1,3,1,1,7,9,2,5,1,1,3,3,9,9,2,5,5,5,5,5,2,1,3,1,1,106,69.6,22.6,162,30.7,8.08,3.41,5.7,2.93
148,Guara,5,1,0,1,5,5,3,3,3,1,1,1,1,1,3,1,1,5,1,0,0,9,1,3,5,9,7,2,7,5,7,5,7,2,1,3,1,1,103,72.4,17.2,158,41.4,8.05,3.81,6.01,3.22
149,Guixel,3,1,0,1,7,3,3,5,9,1,1,1,7,5,1,1,1,7,1,0,0,3,5,3,3,7,5,1,3,7,3,7,3,5,1,3,0,1,102,48.2,21.2,140,24.9,10.45,2.5,8,2.16
150,Hidalgo,7,1,0,1,7,7,3,3,5,1,1,3,7,1,3,1,1,5,1,0,0,1,5,3,3,7,7,2,5,7,3,7,3,5,1,3,1,1,119,60.4,19,159,26.7,9.3,2.52,7.02,2.21
151,Hispagrain,5,1,0,1,5,5,1,3,9,1,1,1,1,1,3,1,1,5,9,2,3,1,1,3,5,9,7,2,7,5,5,5,7,2,1,3,1,1,110,69.8,17.4,160,38.5,8.18,3.61,6.13,3.13
152,Ibis,5,1,0,1,3,5,3,3,9,1,1,3,5,1,5,1,1,5,1,0,0,7,4,2,1,9,9,2,5,5,7,5,7,2,1,3,2,1,105,82.2,16,165,33.42,7.68,3.78,5.62,3.2
153,Ilda,3,1,0,1,7,5,3,3,5,1,1,1,1,1,5,1,1,5,9,5,5,3,5,3,5,7,7,4,7,7,7,7,7,3,1,3,1,1,106,84.4,18.8,150,51.19,9.72,4.23,7.34,3.62
154,IR64,5,1,0,1,5,5,1,1,9,1,1,1,1,1,3,1,1,7,9,1,5,1,1,3,5,9,9,2,5,7,3,7,3,5,1,3,0,1,111,67.8,22.8,161,25.05,9.4,2.51,7,2.23
155,Ispaniki A,5,1,0,1,5,7,3,5,9,1,1,1,1,1,3,1,1,5,1,0,0,7,1,2,1,9,9,2,3,5,5,5,5,3,1,3,0,1,120,70.8,14.4,171,23.8,7.7,3.27,5.71,2.57
156,Italmochi,5,1,0,1,7,5,5,5,3,1,1,1,1,1,3,1,1,5,1,0,0,7,1,3,3,7,3,2,5,5,5,5,5,3,1,1,1,1,80,69,19.4,130,27.23,8.18,3.35,5.87,2.73
158,J Sendra,7,1,0,1,3,7,3,3,9,1,1,1,1,1,1,1,1,5,1,0,0,7,1,3,1,5,9,2,5,5,7,5,7,2,1,3,1,1,121,52,15.8,175,31.78,8.05,4,5.71,3.22
159,Jacinto,5,1,0,1,7,5,3,3,9,1,1,1,7,4,1,1,1,5,9,2,5,3,4,3,3,5,9,2,3,7,3,7,3,5,1,3,1,1,128,58.8,18.4,162,23,9.47,2.54,7,2.2
160,Jefferson,7,1,0,1,3,5,3,3,9,1,1,1,1,1,1,1,1,5,1,0,0,1,1,3,3,5,9,2,5,7,5,7,5,4,1,3,1,1,108,45.6,17.2,170,31.1,9.42,2.94,6.88,2.51
161,Kalliston,7,1,0,1,5,5,3,5,9,1,1,1,7,5,1,1,1,7,1,0,0,1,5,3,3,5,7,2,5,7,3,7,3,5,1,3,0,1,114,53.4,20.8,158,27.4,9.38,2.49,7.27,2.18
162,Karnak,5,1,0,1,7,7,3,3,9,1,7,7,7,1,5,1,1,7,9,5,9,5,4,3,5,9,7,3,5,7,7,7,7,3,1,3,2,1,100,82.6,21.4,160,37.72,9.43,3.83,7.12,3.26
163,King,5,1,0,1,7,3,3,5,5,1,1,1,1,1,3,1,1,5,9,3,3,1,1,3,5,7,5,1,5,7,3,7,3,5,1,3,1,1,92,72.1,17.5,140,25.34,9.5,2.6,7.1,2.2
164,Kir,5,1,0,1,7,5,3,3,9,1,1,1,1,1,5,1,1,5,1,0,0,5,1,2,3,7,7,2,5,5,5,5,5,3,1,3,0,1,112,78.4,17.6,159,26.1,8.44,3.07,6.22,2.6
165,Koral,5,1,0,1,7,5,5,5,3,1,1,1,1,1,7,1,1,5,1,0,0,5,1,3,5,9,5,2,5,7,5,7,5,4,1,3,1,1,93,98.6,19.8,142,29.63,9.08,3.1,6.73,2.61
167,Lady Wright,5,1,0,1,7,7,5,7,9,1,1,1,1,1,9,1,1,7,1,0,0,5,1,3,5,9,9,2,3,5,5,5,5,3,1,3,0,1,100,111.8,21.4,160,24.75,7.92,3.1,5.98,2.67
168,Lamone,7,1,0,1,5,7,3,3,5,1,1,1,7,1,3,1,1,5,1,0,0,3,6,3,3,9,5,2,3,7,3,7,3,5,1,3,2,1,90,69.4,19.8,138,23.75,9.29,2.63,7.16,2.29
169,Lampo,5,1,0,1,3,3,1,1,7,1,1,1,1,1,1,1,1,5,1,0,0,1,1,2,5,5,7,2,5,7,3,7,3,4,1,3,2,1,102,53,18,150,27.06,9.14,2.61,6.93,2.33
171,Leonardo bis,5,1,0,1,7,7,3,0,3,1,5,5,7,1,5,1,1,7,0,0,0,5,4,0,0,9,7,3,7,7,7,7,7,3,1,3,1,1,0,88.9,20.3,155,42.17,9.5,3.8,7.3,3.3
172,Libero,5,1,0,1,5,3,1,3,9,1,1,1,5,1,3,1,1,7,1,0,0,1,5,3,3,7,9,1,3,7,3,7,3,5,1,3,2,1,105,63.4,20.4,155,23.2,8.56,2.42,6.9,2.18
173,Libra,5,1,0,1,7,5,3,5,5,1,1,1,1,1,3,1,1,5,9,2,1,1,1,3,3,3,5,2,7,7,5,7,5,4,1,3,1,1,85,64.6,16,138,36.42,10,3.1,7.4,2.7
174,Lido,5,1,0,1,5,5,3,3,3,1,1,1,1,1,3,1,1,5,1,0,0,5,1,2,3,9,3,2,3,5,5,5,5,3,1,3,1,1,98,72.2,20,135,24.16,8.28,3.08,6.11,2.61
175,Lince,5,1,0,1,7,7,3,5,5,1,1,1,7,5,3,1,1,5,1,0,0,5,5,3,3,3,5,2,5,7,5,7,5,3,1,3,1,1,85,58.62,15.7,135,34.65,9.1,3.3,6.9,2.8
176,Lomellino,5,1,1,1,7,5,5,5,5,1,1,1,5,1,3,1,1,5,1,0,0,5,4,3,3,3,5,2,5,5,7,5,7,2,1,3,1,1,87,65.4,17,141,33.28,7.66,3.79,5.54,3.27
177,Loto,5,1,0,1,3,3,5,5,3,1,1,1,1,1,3,1,1,3,1,0,0,3,1,2,1,7,3,2,5,7,5,7,5,3,1,3,1,1,82,61.5,13.7,125,33.24,9,3.4,6.6,3
178,Lucero,5,1,0,1,7,7,3,3,7,1,1,1,1,1,7,1,1,7,1,0,0,5,1,3,5,9,5,2,5,3,5,3,7,2,1,3,0,1,96,94,20.8,136,29.36,7.11,3.61,5.19,3.11
179,Luna Cl,3,1,0,1,3,7,3,3,5,1,1,1,1,1,3,1,1,5,1,0,0,1,1,3,3,5,3,2,5,7,5,7,5,4,1,3,1,1,85,57.76,17,135,30.42,9.1,3.1,6.9,2.7
180,Luxor,3,1,0,1,5,7,3,3,7,1,1,1,1,1,5,1,1,3,1,0,0,7,1,2,1,7,7,1,5,7,5,7,5,3,1,3,1,1,92,78.1,13.3,146,33.04,8.7,3.5,6.5,3
181,Magic,5,1,0,1,7,7,3,5,1,1,1,1,5,1,3,1,1,5,1,0,0,5,4,3,5,9,3,2,5,3,7,5,7,2,1,3,1,1,101,73.8,19.4,146,31.33,7.48,3.72,5.52,3.17
182,Makedonia,7,1,0,1,5,5,3,5,9,1,1,1,1,1,3,1,1,5,1,0,0,5,1,2,1,7,9,2,5,5,5,5,5,3,1,3,0,1,118,63,14.4,172,26.7,7.82,3.21,5.76,2.76
183,Mantova,3,1,0,1,7,7,3,5,7,1,1,1,1,1,5,1,1,5,1,0,0,5,1,3,5,9,7,2,5,7,5,7,5,4,1,3,0,1,95,86.6,19.8,147,29.54,9.45,3.29,7.06,2.69
184,Mar,3,1,0,1,5,5,3,5,9,1,1,1,7,1,3,1,1,5,1,0,0,1,5,3,3,5,9,2,5,7,3,7,3,5,1,3,1,1,132,68.6,17.6,176,30.79,9.94,2.62,7.77,2.33
185,Maratelli,5,1,0,1,7,5,3,3,3,1,1,1,1,1,5,1,1,5,1,0,0,5,1,3,3,9,5,2,5,5,7,5,7,2,1,3,1,1,82,83.6,18.4,145,31.31,7.98,3.83,5.77,3.2
186,Mare Cl,5,1,0,1,7,5,3,3,6,1,1,1,7,5,3,1,1,5,1,0,0,1,6,3,3,5,6,2,5,7,3,7,3,5,1,3,2,1,100,55,15.9,145,26.74,9.6,2.4,7.6,2.2
187,Marisma,5,1,0,1,5,5,3,3,9,1,1,1,1,1,3,1,1,5,1,0,0,1,1,3,5,9,9,2,5,7,5,7,5,4,1,3,1,1,112,64.2,19,171,33.2,9.28,3.16,6.93,2.67
188,Marte,7,1,0,1,3,7,3,3,5,1,1,1,1,1,5,1,1,5,1,0,0,7,1,2,3,7,5,2,5,3,5,3,5,2,1,3,1,1,90,79.4,16.2,143,25.98,6.92,3.49,5.06,2.98
189,Maso,5,1,0,1,7,5,3,3,9,1,1,1,1,1,3,1,1,7,1,0,0,1,1,3,5,9,9,2,7,7,5,7,7,3,1,3,1,1,106,67.8,20.4,170,35.1,8.63,3.66,6.5,3.14
190,Mercurio,5,1,0,1,5,3,5,5,3,1,1,1,1,1,3,1,1,5,1,0,0,1,1,3,3,5,5,2,5,7,3,7,3,5,1,3,2,1,94,60.4,19.4,150,29.17,10.2,2.43,8.12,2.16
191,Minima,5,1,0,1,7,5,3,3,9,1,1,1,5,5,3,1,1,5,1,0,0,1,4,3,5,5,9,2,5,7,3,7,3,5,1,3,2,1,127,71.2,19.8,171,27.58,10.02,2.41,7.65,2.18
192,Mistik,5,1,0,1,7,5,3,3,9,1,1,1,7,1,5,1,1,5,1,0,0,5,4,3,3,7,9,3,5,7,5,7,5,4,1,3,0,1,110,76,16.8,161,28.8,8.56,3.12,6.55,2.61
193,Mistral,3,1,0,1,5,3,3,5,9,1,1,1,1,1,1,1,1,5,1,0,0,5,1,3,3,5,7,2,5,7,3,7,3,5,1,3,0,1,123,57.4,16.4,158,32.4,9.68,2.74,7.27,2.27
194,Miura,7,1,0,1,7,5,3,3,9,1,1,1,5,1,3,1,1,5,9,1,1,5,4,3,3,7,9,3,5,7,5,7,5,4,1,3,0,1,109,74.8,17.8,161,27.3,9.02,2.97,6.49,2.56
195,Miziya,5,1,0,1,7,7,3,5,5,1,1,1,1,1,7,1,1,7,1,0,0,7,1,3,3,9,5,2,7,7,5,7,7,3,1,3,0,1,85,90.6,21.2,145,37.3,8.96,3.62,6.84,3.1
196,Molo,7,1,1,1,5,5,5,7,5,1,1,1,1,1,5,1,1,3,1,0,0,5,1,2,3,5,3,2,5,5,5,7,5,4,1,3,1,1,86,77.2,14,135,28.01,8.48,3.04,6.6,2.65
197,Monticelli,5,1,0,1,7,7,3,5,5,1,3,3,5,1,7,9,1,7,1,0,0,7,4,3,5,9,5,4,5,5,7,5,7,2,1,3,0,1,85,98.8,22.6,144,30.26,7.86,3.94,5.81,3.33
198,Montsianell,5,1,0,1,5,7,3,5,9,1,1,1,1,1,3,1,1,3,1,0,0,5,1,2,1,7,9,2,7,5,7,5,7,2,1,3,1,1,118,69.2,14,181,35.12,7.76,3.78,5.74,3.24
199,Musa,3,1,0,1,5,5,3,5,3,1,1,1,7,5,5,1,1,5,1,0,0,1,6,2,3,5,3,2,5,5,5,5,5,3,1,3,1,1,85,69.87,13.7,135,29.6,8.5,3.1,6.3,2.7
200,Nembo,5,1,0,1,5,5,3,3,9,1,1,1,1,1,5,1,1,5,1,0,0,5,1,2,1,7,5,2,5,5,5,5,5,3,1,3,1,1,103,81.4,15.4,144,30.45,8.27,3.49,6.18,2.96
201,Nerone,5,1,0,1,5,5,3,5,3,1,1,1,1,1,3,1,1,5,1,0,0,5,1,3,5,5,1,5,5,7,5,5,5,3,9,3,1,3,82,68.8,16.9,124,30.48,8.7,3.7,6.2,3
202,Niki,7,1,0,1,7,3,3,3,9,1,1,1,7,5,3,1,1,7,1,0,0,1,5,3,3,5,9,2,5,7,3,7,3,5,1,3,0,1,113,63.2,21.2,162,29.7,9.57,2.48,7.71,2.2
203,Niva,7,1,0,1,7,5,3,3,9,1,1,1,1,1,5,1,1,5,1,0,0,5,1,3,3,9,9,2,5,5,5,5,7,2,1,3,1,1,107,78.8,18,161,31.5,7.99,3.5,6.07,3.06
204,Novara,5,1,0,1,7,5,3,7,3,1,1,1,1,1,7,1,1,7,9,5,9,5,1,3,5,9,5,2,5,5,5,5,7,2,1,3,0,1,78,93.2,22.8,140,31.66,8.11,3.48,5.88,3.03
205,Nuovo Maratelli,5,1,0,1,3,7,3,5,3,1,1,1,1,1,3,1,1,5,9,2,3,5,1,2,1,7,5,2,7,5,7,5,7,2,1,3,2,1,80,66.4,15.6,137,35.09,8.5,3.83,6.29,3.3
206,Okura,7,1,0,1,5,3,1,3,9,1,1,1,1,1,5,1,1,5,9,3,5,5,1,3,5,9,9,1,5,3,5,3,5,2,1,3,1,1,107,76.8,17.8,170,26.8,7.32,3.43,5.08,2.83
207,Olympiada,5,1,0,1,5,5,1,1,9,1,1,1,1,1,1,1,1,5,1,0,0,1,1,3,5,5,7,1,3,7,3,7,3,5,1,3,0,1,110,48,18.2,155,22,9.45,2.49,6.84,2.13
208,Onice,5,1,0,1,5,5,3,3,3,1,1,1,1,1,3,1,1,3,1,0,0,7,1,2,1,5,4,2,7,7,5,7,7,3,1,3,1,1,82,67.78,13.74,136,35.85,8.91,3.65,6.6,3.14
209,Opale,3,1,0,1,5,5,3,3,5,1,1,1,1,1,5,1,1,5,1,0,0,5,1,2,1,7,5,2,5,7,5,7,5,3,1,3,1,1,85,64.3,16.1,140,33.6,9.2,3.4,6.9,2.9
210,Orellana,5,1,0,1,7,5,1,3,9,1,1,1,1,1,3,1,1,7,1,0,0,1,1,3,5,9,9,2,7,7,7,7,7,2,1,3,1,1,105,66.4,21,166,41.6,8.52,3.83,6.5,3.33
211,Chinese Originario,5,1,0,1,5,3,3,5,5,1,1,1,1,1,9,1,1,5,1,0,5,5,1,3,5,9,9,2,5,3,7,3,7,2,1,3,0,1,89,104.4,19.6,170,27.69,7.13,3.72,5.18,3.17
212,Orione,7,1,0,1,5,7,1,3,5,1,1,1,1,1,5,1,1,5,1,0,0,5,1,2,3,7,6,2,5,5,7,5,7,2,1,3,1,1,91,80.1,15.4,144,34.54,8.2,3.8,6.1,3.2
214,Ostiglia,5,1,2,9,7,7,3,3,3,1,1,1,1,1,9,9,1,7,9,5,9,5,1,3,5,9,5,2,5,5,5,5,7,2,1,3,0,1,81,111.2,21.2,140,28.52,7.8,3.63,5.61,3.06
215,Panda,5,1,0,1,5,3,7,7,5,1,1,1,1,1,5,1,1,7,1,0,0,5,1,3,5,9,5,2,3,7,3,7,3,5,1,3,1,1,90,82.6,20.8,140,24.17,9.7,2.51,7.4,2.14
216,Pegaso,5,1,0,1,3,5,5,5,5,1,1,1,1,1,5,1,1,3,1,0,0,7,1,2,3,7,3,2,5,7,3,7,3,5,1,3,2,1,90,75.8,13.2,135,27.38,8.98,2.76,7.07,2.36
217,Perla,5,1,0,1,3,3,3,3,5,1,1,1,1,1,3,1,1,5,1,0,0,5,1,3,5,9,5,2,5,3,5,3,5,2,1,3,1,1,86,70,17.4,140,25.25,6.98,3.34,4.99,2.88
218,Perla Rosso,5,1,0,1,5,7,3,3,3,1,1,1,1,1,5,1,1,7,1,0,0,5,1,3,5,9,5,2,3,3,5,3,5,2,6,3,0,1,82,83.2,20.8,145,24.76,7.24,3.37,5.18,2.85
219,Perseo,5,1,0,1,7,3,5,7,5,1,1,1,5,1,3,1,1,5,1,0,0,1,6,3,3,7,3,2,3,7,3,7,3,5,1,3,2,1,90,69.8,18,131,24.01,9.26,2.37,7.34,2.09
220,Piemonte,7,1,0,1,5,7,3,3,5,1,1,3,7,1,5,1,1,5,1,0,0,7,4,2,1,5,7,3,7,5,7,5,7,2,1,3,1,1,91,75.8,15.2,160,35.81,8.04,3.73,6.19,3.25
221,Pierrot,5,1,0,1,7,5,1,3,3,1,1,1,1,1,5,1,1,5,1,0,0,3,1,3,5,7,3,2,5,3,5,3,5,2,1,3,1,1,78,80.6,18.2,125,28.81,7.29,3.35,5.41,2.94
222,Pi'ana,5,1,0,1,7,5,3,5,9,1,1,1,7,5,3,1,1,5,1,0,0,1,5,3,3,3,7,2,5,7,3,7,3,5,1,3,2,1,119,62.6,18.1,157,31.96,9.73,2.5,7.62,2.22
223,Polizesti 28,5,1,0,1,5,5,3,5,1,1,1,1,1,1,3,1,1,5,1,0,0,5,1,3,5,9,3,2,5,5,5,5,7,2,1,3,1,1,99,65.2,17.6,146,29.91,7.76,3.59,5.73,3.05
224,Poseidone,5,1,0,9,7,5,3,5,3,1,1,1,5,1,5,9,9,5,9,2,3,5,5,3,5,5,5,4,7,7,7,7,7,3,1,3,2,1,82,78.8,17.6,137,39.8,9.34,3.76,7.1,3.2
225,Primo,5,1,0,1,5,7,1,1,5,1,1,1,1,1,5,1,1,3,1,0,0,1,1,2,3,7,3,2,5,7,5,7,5,4,1,3,1,1,90,75.6,11.2,135,30.14,8.88,3.04,6.98,2.69
226,Prometeo,5,1,0,1,7,5,5,7,5,1,3,3,7,1,7,1,1,7,1,0,0,7,4,3,3,9,7,2,5,3,5,5,5,2,1,3,1,1,89,90.6,20.2,150,29.51,7.42,3.37,5.77,2.99
227,Puebla,5,1,0,1,5,5,3,5,7,1,1,1,1,1,3,1,1,5,9,3,5,3,1,3,5,9,7,2,7,7,7,5,7,2,1,3,1,1,107,68.6,19,158,39.1,9.01,3.89,6.24,3.26
228,Puma,7,9,2,9,5,5,5,5,3,1,1,1,7,5,3,9,1,5,1,0,0,1,5,3,3,3,4,2,5,7,5,7,5,3,1,3,1,1,85,54.89,16.3,135,32.75,9.1,3.1,6.7,2.7
229,Puntal,7,1,0,1,7,5,3,3,9,1,1,1,7,5,3,1,1,5,1,0,0,1,5,3,5,3,7,1,5,7,3,7,3,5,1,3,2,1,113,62.2,19,154,25.6,8.7,2.4,6.8,2.2
231,Razza77,5,1,0,1,5,3,3,5,3,1,1,1,1,1,9,1,1,5,1,0,0,9,1,3,3,9,7,2,7,7,7,7,7,3,1,3,0,1,83,100.8,17.2,150,35.67,9.25,3.76,6.73,3.14
232,Rea,5,1,0,1,7,7,1,3,9,1,1,1,1,1,7,1,1,7,1,0,0,1,1,3,5,9,5,3,3,7,3,7,3,5,1,3,0,1,105,90.6,23.6,145,24.3,9.2,2.6,7,2.3
233,Redi,5,1,0,1,7,5,3,5,7,1,1,3,5,1,7,1,1,5,1,0,0,7,4,3,5,9,7,2,7,7,7,7,7,3,1,3,1,1,94,92,19.6,150,41.19,9.11,3.95,6.93,3.31
234,Ribe,5,1,0,1,7,7,3,5,5,1,1,3,5,1,5,1,1,5,1,0,0,5,4,2,3,5,5,3,7,7,5,7,5,3,1,3,1,1,92,88.8,18.8,150,36.32,9.28,3.42,7.16,2.94
235,Ribe (Euribe),5,1,0,1,3,5,3,3,5,1,1,5,5,1,5,1,1,5,1,0,0,5,5,3,3,7,7,3,5,7,5,7,5,3,1,3,1,1,89,82.8,17.8,150,31.52,9.28,3.35,6.95,2.81
236,Rinaldo Bersani,5,1,0,1,7,5,3,5,5,1,1,1,5,1,7,1,1,7,9,5,5,5,5,3,5,9,7,3,7,7,5,7,5,3,1,3,0,1,89,97.6,22.2,150,36.77,9.49,3.51,7.32,2.97
237,Ringo,5,1,0,1,5,7,3,5,5,1,1,1,1,3,5,1,1,5,9,3,5,5,1,3,3,5,7,2,5,7,5,7,5,3,1,3,1,1,89,84.6,17.4,148,30.14,8.99,3.33,6.67,2.81
238,Ripallo,5,1,0,1,5,5,3,3,7,1,1,1,7,1,3,1,1,7,1,0,0,1,5,3,5,9,7,2,5,7,3,7,3,5,1,3,2,1,124,66,21.8,167,29.47,9.95,2.57,7.67,2.35
240,Rodeo,5,1,0,1,3,5,3,5,3,1,1,1,1,1,3,1,1,5,1,0,0,5,1,2,3,5,3,2,5,5,5,7,5,3,1,3,1,1,80,63.4,14.2,127,28.72,8.41,3.09,6.65,2.71
241,Roma,3,1,0,1,7,7,3,7,5,1,1,1,1,1,9,1,1,5,1,0,0,5,1,3,3,9,7,2,7,7,5,7,7,3,1,3,1,1,89,101.1,16.6,155,40.26,9.4,3.7,7,3.1
242,Rombo,5,1,0,1,5,7,1,1,5,1,1,1,1,1,5,1,1,3,1,0,0,1,1,1,1,7,5,2,5,7,5,7,5,4,1,3,2,1,90,66.58,13.3,140,31.71,9.3,3.1,7,2.7
243,Romolo,5,1,0,1,3,7,3,5,7,1,1,3,7,1,1,1,1,5,1,0,0,7,4,3,3,7,7,4,7,7,5,7,7,3,1,3,2,1,95,57.8,18.4,147,39.77,8.93,3.68,6.8,3.1
244,Ronaldo,5,1,0,1,5,5,1,3,5,1,1,1,1,1,3,1,1,5,9,2,3,1,1,3,3,7,5,2,5,7,5,7,5,3,1,3,1,1,87,69.3,16.1,134,34.13,9.1,3.3,6.5,2.9
245,Rosa Marchetti,5,1,0,1,5,3,3,5,3,1,1,1,1,1,5,1,1,7,1,0,0,9,1,3,3,9,3,2,5,7,5,5,5,3,1,3,1,1,81,85.4,21.2,135,32.11,8.68,3.39,6.16,2.87
246,Roxani,3,1,0,1,5,7,3,3,9,1,1,1,1,1,3,1,1,5,9,3,5,5,1,2,3,9,9,2,7,7,5,7,5,3,1,3,0,1,117,74.6,19.2,173,39.2,9.27,3.43,6.72,2.88
247,RTID3854,5,1,0,1,7,5,1,1,9,1,1,1,7,4,1,1,1,5,1,0,0,1,5,3,5,1,9,2,3,7,3,7,3,5,1,3,2,1,0,0,0,0,0,0,0,0,0
248,RTID3858,5,9,2,1,3,3,1,1,9,1,1,1,7,5,1,1,1,3,9,2,3,5,6,3,5,1,9,2,3,7,3,7,3,4,1,3,1,1,0,0,0,0,0,0,0,0,0
249,Ruille,3,1,0,1,5,5,1,5,9,1,1,1,1,1,3,1,1,5,1,0,0,5,1,3,3,7,3,2,5,7,5,7,3,4,1,3,0,1,103,60.6,16.2,131,27,10.28,2.82,7.15,2.44
250,S. Andrea,5,1,0,1,7,5,5,7,5,1,1,1,1,1,7,1,1,5,9,2,3,9,1,3,5,9,5,1,5,7,7,7,7,3,1,3,1,1,88,100,17.4,145,34.35,8.87,3.75,6.53,3.12
251,Salvo,3,1,0,1,7,3,3,3,5,1,1,1,1,1,7,1,1,5,1,0,0,1,1,3,5,7,6,1,5,7,3,7,3,5,1,3,1,1,91,91.2,18.5,142,25.42,9.7,2.4,7.4,2.1
252,Samba,5,1,0,1,7,5,3,3,5,1,1,1,1,1,5,1,1,5,9,4,1,7,1,3,3,9,6,1,7,7,7,7,7,3,1,3,1,1,88,87.1,17.8,147,43.22,9.4,4,6.8,3.3
253,Sambuc,5,1,0,1,7,5,3,7,9,1,1,1,1,1,3,1,1,7,1,0,0,5,1,3,5,9,7,2,5,7,3,7,3,5,1,3,0,1,114,69.6,21.8,159,31.9,11.25,2.72,8.37,2.3
254,Sancio P6,5,1,0,1,7,3,3,5,7,1,1,1,1,1,5,1,1,5,1,0,0,7,1,3,3,9,5,2,3,5,5,5,7,3,1,3,0,1,95,83.2,14.8,145,22.12,8.4,3.69,6.24,3.08
255,Santerno,5,1,0,1,5,5,1,1,9,1,1,1,1,1,5,1,1,5,1,0,0,1,1,3,5,7,5,2,3,7,3,7,3,5,1,3,2,1,100,83.2,14.8,138,22.12,9.87,2.48,7.59,2.16
256,Sara,5,1,0,1,5,7,3,3,5,1,1,1,1,1,5,1,1,5,1,0,0,5,1,2,1,9,7,2,5,7,5,7,5,3,1,3,1,1,90,82.2,16.6,150,30.54,8.56,3.16,6.47,2.73
257,Sarcet,5,1,0,1,5,7,1,3,7,1,1,1,1,1,3,1,1,3,1,0,0,5,1,3,3,7,9,2,7,5,7,5,7,2,1,3,1,1,118,60.8,12.6,172,36.56,8.33,4,6,3.35
258,Saturno,7,1,0,1,3,3,3,1,5,1,1,1,1,1,3,1,1,5,1,0,0,1,1,3,5,7,5,2,5,7,3,7,3,5,1,3,1,1,85,65.2,19.6,140,26.41,10.05,2.41,7.81,2.13
259,Savio,7,1,0,1,5,7,3,3,5,1,1,1,1,1,5,1,1,3,1,0,0,1,1,2,3,9,5,2,5,7,5,7,5,4,1,3,1,1,84,75.4,10.8,140,26.64,8.82,2.96,6.48,2.53
260,Scirocco,5,1,0,1,7,5,1,3,5,1,1,1,1,1,1,1,1,5,1,0,0,1,1,3,3,9,3,2,5,7,5,7,5,3,1,3,1,1,90,59.2,18,134,25.17,8.89,3.18,6.58,2.72
261,Scudo,5,1,0,1,5,5,3,3,7,1,1,1,7,1,5,1,1,5,1,0,0,1,6,3,5,9,7,2,3,7,3,7,3,5,1,3,1,1,93,77.2,19.8,160,29.04,9.61,2.58,7.63,2.2
262,Sedora,7,1,0,1,5,5,3,3,9,1,1,1,1,1,1,1,1,5,1,0,0,7,1,3,3,5,9,2,5,5,7,5,7,2,1,3,2,1,121,51.4,16.2,192,32.9,8.1,4,5.8,3.3
263,Selenio,5,1,0,1,5,5,3,3,5,1,1,1,1,1,5,1,1,5,9,3,5,5,1,2,3,9,4,2,5,3,5,3,5,2,1,3,1,1,86,79.9,14.2,136,25.34,7,3.4,5,2.9
264,Senia,5,1,0,1,7,5,3,3,9,1,1,1,1,1,3,1,1,5,9,2,1,7,1,3,1,7,9,2,7,5,5,5,7,2,1,3,1,1,114,69.4,15.4,178,35.6,8.17,3.54,5.8,3.02
265,Sereno,5,1,0,1,5,5,5,5,3,1,3,3,7,1,5,1,1,5,1,0,0,7,3,2,3,5,5,2,5,5,5,5,7,2,1,3,2,1,80,84.8,15.6,137,33.11,7.52,3.68,5.62,3.16
266,Sesiamochi,5,1,0,1,5,5,3,3,9,1,1,1,1,1,5,1,1,7,1,0,0,7,1,3,5,9,5,2,5,5,5,3,5,2,1,1,1,1,100,86,20.02,145,28.43,7.54,3.62,5.06,2.9
267,Silla,5,1,0,1,7,5,5,7,5,1,1,1,1,1,5,1,1,5,1,0,0,5,1,3,3,7,5,2,7,7,5,7,5,4,1,3,0,1,84,88.6,18.8,139,35.8,9.17,3.27,7.14,2.83
268,Sillaro,5,1,0,1,5,5,5,5,5,1,1,1,5,1,3,1,1,5,1,0,0,1,4,3,5,9,3,2,5,7,3,7,3,5,1,3,2,1,95,69.8,18.6,130,28.86,9.61,2.6,7.68,2.27
269,Sirbal,5,1,0,1,7,7,5,5,9,1,1,1,1,1,1,1,1,5,1,0,0,7,1,3,3,5,9,2,5,7,5,7,3,4,1,3,0,1,110,56.4,15.4,169,28.6,9.09,2.85,6.94,2.43
270,Sirio Cl,5,1,0,1,5,3,3,5,3,1,1,1,7,5,3,1,1,5,1,0,0,1,5,3,3,7,3,1,3,7,3,7,3,5,1,3,2,1,85,67.5,17.6,128,24.47,9.3,2.4,7,2.2
271,Sirmione,5,1,0,1,5,5,3,5,5,1,1,1,1,1,3,1,1,7,9,1,1,1,1,3,5,9,3,2,5,7,5,7,5,4,1,3,1,1,90,70.6,20.8,135,34.37,9.56,2.83,7.62,2.57
272,SISR215,5,1,0,1,5,5,1,1,5,1,1,1,1,5,3,1,1,7,1,0,0,1,1,3,5,5,5,2,5,7,5,7,3,4,1,3,1,1,89,63.4,20.2,145,27.99,9.48,2.87,7.07,2.46
273,Sivert,7,1,0,1,5,7,3,3,7,1,1,1,1,1,1,1,1,5,1,0,0,7,1,2,1,7,7,2,7,5,7,5,7,2,1,3,1,1,121,59.2,14.2,173,36.43,8.2,3.9,6.1,3.3
274,Smeraldo,5,1,0,1,5,5,3,5,5,1,1,1,1,1,3,1,1,5,1,0,0,7,1,2,3,5,7,2,5,7,5,7,5,4,1,3,1,1,89,71.6,16.2,155,31.6,8.95,3.16,6.91,2.73
275,Sole Cl,5,1,0,1,5,7,3,3,5,1,1,1,1,1,5,1,1,5,9,3,7,7,1,3,3,5,5,2,5,3,5,3,5,2,1,3,1,1,90,68,16.7,150,26.74,7.5,3.4,5.5,2.9
276,Soulanet,5,1,0,1,7,3,3,3,5,1,1,1,1,1,1,1,1,5,1,0,0,5,1,3,5,7,5,2,5,7,3,7,3,5,1,3,0,1,85,50.4,15.4,140,25.05,9.85,2.55,7.41,2.18
277,Sp55,5,1,0,1,3,7,1,3,5,1,1,1,1,1,3,1,1,3,1,0,0,3,1,2,1,9,5,2,5,3,5,3,5,2,1,3,1,1,85,69.3,13,140,27.76,7.2,3.5,5.2,3
278,Sp601,5,9,2,9,7,5,1,1,9,1,1,1,7,5,5,1,1,7,9,2,5,3,4,3,5,7,9,2,5,7,3,7,3,4,1,3,1,1,127,76.6,25.2,173,27.6,9.2,2.76,6.72,2.38
279,Sp602,5,1,0,1,7,5,1,1,9,1,1,1,1,1,5,1,1,7,9,2,1,3,1,3,5,7,9,2,3,7,3,7,3,4,1,3,1,1,125,88.2,24.4,173,2.62,9.25,2.66,6.8,2.3
280,Spina,5,1,0,1,5,5,1,3,5,1,1,3,7,1,7,1,1,5,9,2,3,3,4,2,3,7,5,2,5,3,5,3,7,2,1,3,1,1,90,90.2,15.4,144,28.96,7.18,3.5,5.44,3.02
281,Sprint,7,1,0,1,5,5,3,3,5,1,1,1,1,1,3,1,1,5,1,0,0,1,1,3,3,9,3,2,5,7,3,7,3,5,1,3,2,1,84,66.6,19.2,134,25.68,9.74,2.47,7.44,2.16
282,Stresa,5,1,0,1,5,3,1,1,5,1,1,1,1,1,3,1,1,5,1,0,0,5,1,2,3,9,5,2,5,3,5,3,5,2,1,3,1,1,90,69.8,17.4,143,25.47,6.81,3.34,5.02,2.92
283,Strymonas,5,1,0,1,7,5,3,3,9,1,1,1,7,1,5,1,1,5,9,1,1,5,4,3,3,5,9,4,5,7,5,5,5,3,1,3,0,1,110,78.6,17,164,31.6,8.71,3.02,6.27,2.52
284,Susan,5,1,0,1,5,7,3,7,9,1,1,1,1,1,3,1,1,5,9,1,1,7,1,3,5,9,9,2,7,7,7,7,7,3,1,3,1,1,107,69.4,15.4,165,41.1,9,4,6.7,3.3
285,SYCR 128,5,1,0,1,7,7,1,1,9,1,1,1,7,1,5,1,1,5,1,0,0,5,4,3,5,1,9,2,5,7,5,7,5,4,1,3,1,1,135,80.2,15.6,185,32,9.92,3.07,7.36,2.6
286,SYCR 72,5,1,0,1,7,7,1,1,9,1,1,1,3,1,5,1,1,7,9,1,1,5,1,3,5,9,9,2,3,5,5,5,5,2,1,3,1,1,115,85.6,23.4,165,2.92,7.6,3.35,5.65,2.92
287,SYCR 73,7,1,0,1,5,7,1,1,9,1,1,1,1,1,3,1,1,3,9,1,3,5,1,2,1,7,9,2,3,3,5,3,5,2,1,3,1,1,119,70.6,13.8,185,24.72,7.22,3.4,5.22,2.91
288,SYCR 85,5,1,0,9,7,7,1,1,9,1,1,1,9,5,5,1,1,7,9,4,5,3,4,3,5,7,9,2,3,7,5,7,3,4,1,3,1,1,118,77.4,21.4,165,3,9.17,2.88,6.77,2.47
289,SYCR 86,5,1,0,9,5,5,1,1,9,1,1,1,7,5,5,1,1,7,9,1,3,3,4,3,5,7,9,2,3,7,5,7,5,4,1,3,1,1,124,77.6,24,170,3.14,9.28,2.98,6.83,2.59
290,SYCR 90,5,1,0,1,5,7,1,1,9,1,1,1,7,1,3,1,1,7,9,1,3,3,4,3,3,3,9,2,5,7,5,7,5,4,1,3,1,1,134,69.6,25.2,185,28.81,9.51,2.97,6.97,2.58
291,Tamarin,5,1,0,1,7,7,3,5,9,1,1,1,1,1,1,1,1,5,9,3,3,7,1,3,3,7,9,2,5,7,5,7,5,4,1,3,0,1,122,57,19.8,165,31.71,9.88,3.05,7.06,2.62
292,Tarriso,5,1,0,1,5,5,3,5,7,1,1,1,3,4,5,1,9,5,1,0,0,1,6,3,5,5,5,3,3,7,3,7,3,5,1,3,0,1,92,83.8,16.2,136,21.6,8.95,2.56,6.68,2.01
293,Tea,5,1,0,1,3,7,5,5,1,1,1,1,1,1,1,1,1,3,1,0,0,5,1,2,1,7,1,2,3,5,5,5,5,3,1,3,1,1,71,56.8,13.6,115,21.49,8.28,3.19,6.15,2.69
294,Tebre,7,1,0,1,7,7,3,3,9,1,1,1,1,1,5,1,1,5,1,0,0,5,1,2,1,9,9,2,5,5,7,5,7,2,1,3,1,1,117,81.4,16,180,32.4,7.62,3.84,5.77,3.2
295,Tejo,5,1,0,1,5,3,1,1,9,1,1,1,1,1,1,1,1,7,1,0,0,1,1,3,5,7,7,2,5,7,5,7,5,4,1,3,2,1,105,57,20.2,150,26.38,8.57,2.89,6.45,2.54
296,Teqing,5,1,0,1,7,7,1,1,9,1,1,1,1,1,3,1,1,5,1,0,0,3,1,3,5,5,9,2,3,5,5,5,5,3,1,3,0,1,180,73.6,18.4,220,23.66,7.69,3.17,5.71,2.74
297,Thaibonnet,5,1,0,1,7,5,3,3,5,1,1,1,7,5,3,1,1,5,1,0,0,1,6,3,3,5,5,2,5,7,3,7,3,5,1,3,2,1,91,73.3,16.8,145,27.06,9.7,2.5,7.6,2.2
298,Thainato,7,1,0,1,7,5,1,3,9,1,1,1,1,1,3,1,1,7,9,2,5,1,1,3,5,9,7,1,5,5,5,5,5,3,1,3,1,1,110,73,21,160,29.2,8.37,3.21,6.09,2.86
299,Thaiperla,7,1,0,1,7,3,3,3,9,1,1,1,1,1,3,1,1,7,9,3,1,3,1,3,5,9,9,2,5,5,5,5,5,3,1,3,1,1,112,69.8,20.4,165,27.6,8.02,3.16,5.77,2.67
300,Titanio,5,1,0,1,5,7,3,5,1,1,1,5,7,1,3,1,1,3,1,0,0,7,4,2,1,5,1,3,5,5,5,7,7,3,1,3,1,1,80,71.02,12.6,120,30.79,8.4,3.55,6.34,3.09
301,Tosca,5,1,0,1,7,7,5,5,5,1,1,1,1,1,7,1,1,5,1,0,0,5,1,3,3,7,5,2,7,7,7,7,7,3,1,3,1,1,85,82,14,130,42.97,8.96,3.88,6.94,3.34
302,Ulisse,5,1,0,1,5,5,3,3,5,1,1,1,1,1,5,1,1,5,1,0,0,7,1,3,3,9,6,2,7,7,7,7,7,2,1,3,1,1,91,60.5,17.1,142,45.5,9.3,4.3,6.9,3.6
303,Ullal,7,1,0,1,5,7,3,3,9,1,1,1,1,1,1,1,1,5,1,0,0,1,1,2,3,5,9,2,5,5,5,5,5,2,1,3,1,1,112,56,17,170,31.5,7.67,3.41,5.6,2.95
304,Urano,5,1,0,1,5,5,3,5,5,1,1,1,1,1,3,1,1,7,1,0,0,1,1,3,3,9,3,1,3,7,3,7,3,5,1,3,1,1,86,75.68,21.4,129,24.26,9.5,2.46,7.28,2.12
305,Vega,5,1,0,1,5,7,3,3,7,1,1,3,7,1,5,1,1,5,1,0,0,7,4,2,1,7,7,2,5,5,7,5,7,2,1,3,2,1,93,80.2,15.2,160,34.47,7.63,3.82,5.72,3.26
306,Venere,5,1,0,1,5,5,3,5,3,1,1,1,1,1,5,1,1,5,1,0,0,5,1,3,5,9,3,2,3,5,5,5,5,3,9,3,1,3,81,82.2,16.2,125,21.92,7.94,3.08,5.64,2.52
307,Veneria,5,1,0,1,7,5,5,5,7,1,1,1,1,1,5,1,1,5,1,0,0,7,1,3,3,7,7,2,5,7,5,7,5,3,1,3,1,1,92,77,17.2,160,31.37,8.59,3.26,6.69,2.79
308,Veta,7,1,0,1,5,3,3,5,3,1,1,1,1,1,1,1,1,5,9,5,7,7,1,3,3,9,5,2,5,3,5,3,5,2,1,3,0,1,106,58.8,19.4,157,27.3,7.14,3.47,5.16,2.97
309,Vialone 190,7,9,2,9,7,5,3,5,7,1,5,7,9,5,7,9,9,5,1,0,0,5,5,3,5,9,5,5,5,7,7,7,7,2,1,3,0,1,94,88,19,137,32.94,8.72,4.08,6.51,3.39
310,Vialone Nano,5,9,2,9,7,7,3,7,7,1,7,7,9,5,5,9,9,5,1,0,0,5,5,3,3,9,7,5,5,5,7,5,7,2,1,3,2,1,95,87.6,18.2,148,28.53,8.18,4.03,5.93,3.4
311,Virgo,5,1,0,1,7,7,1,1,5,1,1,1,1,1,3,1,1,5,1,0,0,5,1,2,3,5,7,2,5,5,5,5,5,2,1,3,1,1,85,67.22,16.79,148,28.36,7.67,3.3,5.6,2.84
312,Volano,3,1,0,1,7,5,3,5,5,1,1,1,1,1,9,1,1,5,9,2,3,5,1,3,5,7,5,2,7,7,7,7,7,3,1,3,1,1,89,106.6,16.2,139,45.2,9.6,4.1,7.2,3.5
313,Vulcano,5,1,0,1,7,7,1,3,7,1,1,1,1,1,5,1,1,5,1,0,0,5,1,3,3,7,7,2,7,7,5,7,7,3,1,3,1,1,95,81.3,17.1,149,39.89,9.6,3.7,7.1,3.2
314,Yume,5,1,0,1,5,3,1,3,7,1,1,1,1,1,5,1,1,5,9,3,7,3,1,2,5,9,7,2,5,3,5,3,5,2,1,3,1,1,93,86.2,17.4,151,27.44,7.4,3.4,5.3,2.9
315,Zefir,3,1,0,1,7,5,3,7,2,1,1,1,1,1,5,1,1,5,1,0,0,1,1,3,5,7,3,2,5,7,7,7,5,4,1,3,1,1,100,79.4,19.4,153,33.47,9.77,298,7.31,2.57
316,Zena,5,1,0,1,7,5,1,3,3,1,1,1,1,1,3,1,1,7,1,0,0,1,1,2,3,7,3,2,3,7,3,7,3,5,1,3,2,1,95,74.4,20.4,135,24.44,9.11,2.53,7.14,2.25
317,Zeus,5,1,0,1,7,5,5,5,7,1,1,1,1,1,5,1,1,5,1,0,0,5,1,2,3,9,7,2,5,7,5,7,5,4,1,3,1,1,92,81.4,18.8,150,30.51,9.07,2.97,7.06,2.57
318,Tramonto,5,1,0,1,5,5,3,3,9,1,1,1,1,1,5,1,1,5,1,0,0,5,1,2,1,7,5,2,5,5,5,5,5,3,1,3,1,1,103,82.7,16.2,145,29.68,8.35,3.41,6.25,2.9
319,Krystallino,5,1,0,1,3,7,1,3,9,1,1,1,1,1,3,1,1,3,1,0,0,3,1,2,1,9,5,2,5,3,5,3,7,2,1,3,1,1,110,67.4,13.8,140,26.42,6.84,3.54,5.05,3.06
320,Presen,3,1,0,1,5,3,1,1,7,1,1,1,1,1,3,1,1,7,1,0,0,1,1,3,5,9,7,2,3,7,3,7,3,5,1,3,0,1,125,74.4,23.2,180,20.95,9.49,2.22,6.92,1.93
321,Strella,5,1,0,1,7,5,3,5,9,1,1,1,1,1,7,1,1,5,1,0,0,5,1,3,3,9,5,2,5,7,5,7,5,4,1,3,1,1,100,96,19.06,145,33,9.28,3.21,7.22,2.73
322,Top,5,1,0,1,3,5,1,1,9,1,1,1,1,1,3,1,1,5,1,0,0,5,1,2,5,9,5,2,3,3,5,3,5,2,1,3,1,1,100,67,14.08,140,23.35,6.81,3.26,5.05,2.8
323,Valzer,5,1,0,1,7,7,3,5,5,1,1,3,5,1,5,1,1,5,1,0,0,5,4,2,3,5,7,3,5,7,5,7,5,3,1,3,1,1,0,81.4,16.4,0,33.18,9.09,3.27,6.79,2.77
324,Riva,5,1,0,1,5,5,3,3,5,1,1,1,1,1,5,1,1,5,1,0,0,1,1,3,5,5,5,2,5,5,5,5,5,3,1,3,1,1,80,84,16.2,145,28.29,8.18,3.22,6.22,2.76
325,Bali,5,1,0,1,5,5,3,3,5,1,1,1,1,1,3,1,1,3,1,0,0,5,1,2,1,7,7,2,5,3,5,3,7,2,1,3,1,1,90,68,14,150,25.77,7.03,3.58,5.17,3.02
326,Tanaro,5,1,0,1,7,5,3,3,5,1,1,1,7,1,1,1,1,7,9,2,5,1,4,3,5,3,5,2,3,7,3,7,3,5,1,3,1,1,90,54,20.04,145,24.78,9.28,2.58,6.97,2.24
327,Radon,5,1,0,1,5,7,3,3,5,1,1,1,1,1,5,1,1,5,1,0,0,7,1,2,1,7,7,2,5,5,5,5,5,3,1,3,1,1,100,81,15.06,150,29.85,8.43,3.5,6.15,2.96
328,Oscar,3,1,0,1,7,5,3,5,9,1,1,1,7,1,1,1,1,5,9,2,1,1,5,3,5,9,9,2,5,7,3,7,3,5,1,3,2,1,127,58.4,20,170,25.78,9.86,2.51,7.56,2.17
329,Nebbione,3,1,0,1,7,7,3,5,9,0,1,1,9,5,9,1,1,7,1,0,0,7,5,3,5,9,7,2,7,7,7,7,7,3,1,3,2,1,100,110,20.4,150,36.82,8.58,3.82,6.52,3.21
330,Orta,5,1,0,1,7,5,1,5,5,1,1,1,7,0,5,1,1,7,1,0,0,1,5,3,5,5,5,2,5,7,3,7,3,5,1,3,1,1,90,86,24,140,29.33,10,2.67,7.93,2.38
331,Mida,5,1,0,1,5,5,3,3,7,1,1,1,1,1,5,1,1,5,1,0,0,7,1,2,1,7,7,2,3,7,3,7,3,4,1,3,1,1,105,80,14.2,150,23.44,8.74,2.64,6.64,2.24
332,Icaro,5,1,0,1,5,5,1,3,7,1,1,1,1,1,3,1,1,5,1,0,0,5,1,2,1,7,7,2,3,7,3,7,3,5,1,3,2,1,110,71,14.08,155,20.08,8.6,2.51,6.46,2.08
333,Diana,5,1,0,1,5,5,1,3,3,1,1,1,5,1,3,1,1,5,1,0,0,5,4,2,3,7,3,3,5,5,5,5,7,2,1,3,2,1,0,63.4,15.4,0,0,0,0,0,0
334,CRT2,5,1,0,1,5,3,3,3,5,1,1,1,1,1,3,1,1,5,1,0,0,5,1,3,3,7,3,2,5,3,5,3,5,2,1,3,1,1,85,65,16.06,130,25.58,6.87,3.32,5.04,2.89
335,Bastia,3,1,0,1,5,5,3,3,5,1,1,1,1,1,3,1,1,5,1,0,0,5,1,2,3,9,3,2,7,5,7,5,7,2,1,3,1,1,95,73,15.08,135,36.17,8.11,4.02,6.21,3.4
336,Artico,5,1,0,1,5,3,1,1,3,1,1,1,1,1,1,1,1,7,9,2,1,1,1,3,3,7,5,2,3,7,3,7,3,5,1,3,2,1,80,46,20.4,140,23.02,10.3,2.29,7.49,1.93
337,Arona,3,1,0,1,5,5,5,5,5,1,1,1,1,1,5,1,1,7,1,0,0,7,1,3,3,9,5,2,5,7,5,7,5,3,1,3,1,1,90,79,21.02,140,33.53,8.78,3.44,6.53,2.89
338,Acquario,5,1,0,1,3,3,3,5,3,1,1,1,1,1,5,1,1,3,1,0,0,3,1,2,1,7,3,2,5,7,5,7,5,3,1,3,1,1,0,67.8,13.4,0,0,0,0,0,0
339,Adelio,5,1,0,1,7,5,5,5,5,1,1,0,7,1,3,1,1,5,1,0,0,1,4,3,3,5,3,2,3,7,3,7,3,5,1,3,2,1,85,65.4,19.04,130,24.55,9.57,2.44,7.33,2.15
340,Albada,3,1,0,1,5,5,3,5,7,1,1,1,1,1,5,1,1,5,9,1,1,7,1,2,1,5,7,2,5,5,5,7,5,3,1,3,0,1,110,76.04,16.08,150,30.11,8.37,3,6.36,2.89
341,Betis,5,1,0,1,5,5,3,3,5,1,1,1,1,1,3,1,1,5,1,0,0,7,1,2,3,9,3,2,5,7,5,7,5,3,1,3,0,1,90,70,14.08,130,28.22,8.65,3.25,6.49,2.71
342,Archimede,5,1,0,1,7,5,3,5,5,1,1,1,1,1,3,1,1,5,1,0,0,5,1,3,5,7,4,2,5,5,5,7,5,3,1,3,1,1,90,69,19.2,140,28.26,8.49,3.04,6.52,2.63
343,Filippo,5,1,0,1,5,5,1,1,5,1,1,1,1,1,5,1,1,5,1,0,0,7,1,3,5,9,7,2,5,3,5,3,7,2,1,3,0,1,90,77.02,18.06,160,27.58,6.88,3.55,5.08,3.1
345,Perfum,5,1,0,1,7,3,1,1,5,1,1,1,5,4,1,1,1,5,1,0,0,1,5,2,3,5,5,0,5,7,3,7,3,5,1,3,0,3,90,60,18.02,140,27.96,9.71,2.59,7.5,2.31
346,Ricastello,5,1,0,1,7,5,1,1,7,1,1,1,1,1,1,1,1,5,1,0,0,5,1,3,3,7,7,2,7,7,7,7,7,3,1,3,0,1,100,60,18.8,155,40.89,10.12,3.75,7.64,3.15
347,Festa,5,1,0,1,7,5,3,3,7,1,3,3,5,1,5,1,1,5,9,2,1,5,4,2,3,7,5,3,7,7,7,7,7,3,1,3,1,1,98,80,15.48,145,40.6,9.29,3.82,6.97,3.28
348,Skybonnet,5,1,0,1,7,5,3,5,9,1,1,1,3,1,1,1,1,5,1,0,0,1,1,2,5,9,7,2,3,7,3,7,3,4,1,0,0,0,110,60,18.08,160,21.42,9.26,2.53,6.44,2.19
349,Lemont,3,1,0,1,5,5,3,3,9,1,1,1,1,1,1,1,1,7,1,0,0,1,1,3,3,7,9,2,3,7,3,7,3,4,1,3,0,1,115,51.06,22.01,165,23.67,8.68,2.64,6.64,2.3
350,Jucar,5,1,0,1,5,5,3,3,5,1,1,1,1,1,5,1,1,5,1,0,0,7,1,2,3,9,7,2,5,5,5,5,5,2,1,0,0,0,95,79,16.06,150,29.29,8.13,3.59,5.79,2.99
351,Helene,3,1,0,1,7,5,5,5,5,1,1,1,1,1,5,1,1,7,1,0,0,1,1,3,5,7,5,2,5,7,5,7,5,4,1,3,1,1,90,87,20.4,140,30.64,9.2,2.97,6.93,2.56
352,Clot,3,1,0,1,5,5,3,3,9,1,1,1,1,1,3,1,1,5,9,3,5,7,1,2,3,7,9,2,5,5,5,5,5,3,1,0,0,1,125,70.8,14.8,165,26.59,7.61,3.27,5.74,2.81
353,Arborio Precoce,5,9,2,9,7,5,5,5,5,1,3,5,7,1,5,9,9,5,1,0,0,5,3,3,5,7,3,3,7,3,7,7,7,3,1,3,1,1,85,88.6,14.02,130,41.57,3.36,3.92,7.09,3.33
354,Armonia,7,1,0,1,5,5,1,1,9,1,1,1,7,5,3,1,1,5,1,0,0,1,5,3,5,9,7,2,5,7,3,7,3,5,1,3,2,0,110,65.4,17.2,150,25.57,9.24,2.49,7.19,2.23
355,Dorella,5,1,0,1,5,3,3,5,5,1,1,1,1,1,5,1,1,3,1,0,0,3,1,3,5,9,5,0,5,7,5,7,5,4,1,3,1,1,90,85.6,14,140,27.58,8.82,2.91,6.75,2.54
356,Elvo,0,1,0,1,3,5,3,3,7,1,7,7,7,1,5,1,9,3,1,0,0,5,4,2,1,7,7,2,5,3,5,3,7,2,1,3,1,1,98,75.6,14,150,29.11,7.23,3.58,5.3,3.1
357,Ghibli,3,1,0,1,5,3,3,7,3,1,1,1,1,1,5,1,1,7,1,0,0,1,1,3,5,9,3,2,5,7,3,7,3,5,1,0,0,1,80,84.4,23.02,130,26.77,10.34,2.47,8.08,2.15
358,Gigante,0,1,0,1,7,7,0,5,5,1,1,1,1,1,7,1,1,5,1,0,0,1,1,3,3,9,5,2,7,7,7,7,7,3,1,3,1,1,85,96.8,18.2,138,44.4,9.68,4.02,7.36,3.36
359,Idra,5,1,0,1,7,5,1,1,7,1,1,1,1,1,3,1,1,7,1,0,0,5,1,3,5,9,7,2,5,7,3,7,3,5,1,3,1,1,93,65.2,21.4,155,25.31,9.47,2.65,6.97,2.28
360,Medusa,0,1,0,1,3,7,3,5,5,1,1,1,0,1,3,1,1,5,1,0,0,5,1,1,1,7,5,2,5,5,5,5,5,3,1,0,0,1,89,74.4,14.2,144,29.44,7.97,3.41,5.99,2.94
361,Minerva,0,1,0,1,5,5,3,3,3,1,1,1,1,1,3,1,1,5,1,0,0,3,1,2,1,7,5,2,3,5,5,5,3,3,1,3,1,1,81,68.6,14.6,140,21.56,7.83,2.87,5.77,2.47
362,Romeo,0,1,0,1,7,5,3,3,5,1,1,1,5,1,5,1,1,7,0,0,0,5,4,3,1,9,5,2,7,5,7,5,7,2,1,3,1,1,85,80.6,20.2,136,35.5,8.23,3.88,6.07,3.25
363,Otello,7,9,2,9,7,7,1,1,7,1,1,1,7,5,5,1,1,5,9,5,5,5,0,3,3,7,7,2,5,7,5,7,5,3,9,1,1,1,96,86.2,19.8,155,29.97,8.85,3.7,6.33,2.94
364,Pony,5,1,0,1,5,5,1,3,5,1,1,1,1,1,1,1,1,5,1,0,0,1,1,2,3,5,5,2,5,7,5,7,5,4,1,3,1,1,89,47.6,14.6,141,25.49,8.66,2.88,6.55,2.52
365,Prezioso,0,1,0,1,5,5,1,1,7,1,1,1,7,5,1,1,1,5,9,2,9,1,5,3,3,5,7,2,5,7,3,7,3,5,1,3,2,3,97,56.8,18,147,29.24,9.78,2.69,7.55,2.43
366,Roncolo,0,1,0,1,7,7,3,3,5,1,1,3,5,1,3,1,1,3,1,0,0,5,4,1,1,7,5,2,5,3,7,3,7,2,1,3,0,1,88,74.6,13.8,141,28.54,7.33,3.77,5.47,3.11
367,Onda,0,1,0,1,7,3,5,5,7,1,1,1,1,1,3,1,1,5,9,3,1,5,1,3,3,7,7,2,5,7,5,7,5,4,1,3,1,1,97,74.4,16,146,26.39,9.15,3.09,6.99,2.61
370,Oceano,5,1,0,1,5,5,5,5,5,1,1,1,1,1,3,1,1,5,1,0,0,5,1,3,5,7,5,2,5,7,3,7,3,5,1,3,2,1,93,56.04,18.69,140,25.57,9.23,2.45,7.25,2.13
371,Agata,5,1,0,1,3,3,1,1,3,1,1,1,1,1,1,1,1,3,1,0,0,5,1,2,3,7,5,2,5,3,5,3,7,2,1,3,1,1,90,54.09,12.94,140,27.2,6.98,3.57,5.04,3.07
372,Iarim,5,1,0,1,5,3,1,1,3,1,1,1,7,5,1,1,1,5,9,2,1,3,4,3,5,7,3,2,5,7,3,7,3,5,1,3,2,3,85,57.19,19.01,129,26.78,10.45,2.45,7.9,2.14
373,Teseo,5,1,0,1,3,5,3,3,3,1,1,1,1,1,1,1,1,5,1,0,0,1,1,3,3,7,3,2,5,7,3,7,3,5,1,3,2,1,90,54.37,17.89,142,29.29,10.17,2.46,8.01,2.18
374,Sfera,5,1,0,1,5,5,1,1,5,1,1,1,1,1,1,1,1,5,1,0,0,5,1,3,3,5,6,2,5,3,5,3,7,2,1,3,1,1,91,49.87,14.92,155,30.03,7.37,3.65,5.48,3.14
375,Presto,5,1,0,1,3,5,1,3,1,1,1,1,1,1,1,1,1,5,9,2,1,1,1,3,3,7,3,2,7,7,5,7,5,3,1,3,1,1,80,50.87,16.14,130,35.55,9.14,3.31,6.88,2.89
376,Ninfa,5,1,0,1,3,5,3,5,5,1,1,1,1,1,1,1,1,5,1,0,0,1,1,3,3,7,5,2,5,7,3,7,3,5,1,3,2,1,90,52.14,16.07,135,28.68,9.59,2.57,7.48,2.28
377,Meco,5,1,0,1,5,5,1,3,5,1,1,1,7,5,5,1,1,5,1,0,0,3,6,3,3,7,7,2,5,7,5,7,5,3,1,3,1,1,85,65.56,17.57,152,32.92,8.98,3.17,6.82,2.76
378,Fedra,5,1,0,1,5,5,3,5,3,1,1,1,9,4,1,1,1,5,1,0,0,3,5,3,3,5,6,2,7,7,5,7,7,3,1,3,1,1,85,53.38,15.61,145,43.59,9.41,3.68,7.14,3.16
379,Febo,5,1,0,1,5,5,3,3,3,1,1,1,5,1,1,1,1,5,9,5,7,1,4,3,3,5,3,2,5,7,3,7,3,5,1,3,1,3,85,50.97,16.69,130,28.94,10.01,2.69,7.79,2.31
380,Falco,5,1,0,1,5,5,3,5,5,1,1,1,1,1,1,1,1,5,1,0,0,3,1,3,3,3,5,2,7,7,5,7,7,3,1,3,1,1,86,54.17,17.64,140,38.61,9.44,3.53,7.18,3.09
381,Elettra,7,1,0,1,3,5,3,3,3,1,1,1,1,1,1,1,1,5,1,0,0,1,1,3,3,5,4,2,5,7,3,7,3,5,1,3,1,3,83,52.01,16.79,135,34.26,10.8,2.7,8.3,2.35
382,CL 80,5,1,0,1,5,5,3,3,5,1,1,1,7,5,1,1,1,5,1,0,0,1,5,3,5,9,5,2,3,7,3,7,3,5,1,3,2,1,96,54.07,17.25,140,23.68,8.98,2.4,7.07,2.13
383,CL 46,5,1,0,1,7,5,1,1,7,1,1,1,5,5,1,1,1,5,1,0,0,1,6,3,5,7,7,1,3,7,3,7,3,5,1,3,2,1,100,59.84,18.38,150,24.53,9.12,2.44,7.26,2.19
384,CL12,5,1,0,1,5,5,3,5,3,1,1,1,1,1,1,1,1,5,1,0,0,5,1,2,3,7,5,2,5,3,5,3,5,2,1,3,1,1,90,53.86,15.89,150,27.47,7.17,3.39,5.3,2.95
385,Centro,3,1,0,1,5,5,1,3,5,1,1,1,7,1,3,1,1,5,1,0,0,1,5,3,3,5,5,2,5,7,3,7,3,5,1,3,2,1,95,60.68,16.49,140,29.14,9.44,2.61,7.59,2.34
387,Koala,5,1,0,1,3,5,1,1,3,1,1,1,1,1,1,1,1,5,1,0,0,1,1,2,1,3,5,2,7,7,5,7,7,3,1,3,1,1,80,46.75,14.62,137,38.15,9.01,3.59,6.79,3.13
389,Agave,5,1,0,1,7,5,3,3,5,1,1,1,1,1,5,1,1,5,1,0,0,5,1,3,5,9,7,2,3,7,5,7,5,4,1,3,1,1,107,78.6,22.4,158,28.7,8.91,3.1,6.65,2.67
390,Adelaide Chiappelli,5,1,0,1,7,3,7,7,5,1,1,3,7,1,5,1,1,5,1,0,0,5,4,4,5,9,5,3,7,7,7,7,7,3,1,3,0,1,97,74,18.6,139,47.15,9.8,3.99,7.43,3.4
391,Agostano,5,1,0,1,7,5,3,5,5,1,1,1,1,1,7,1,1,7,1,0,0,5,1,3,5,9,7,2,5,5,5,5,7,2,1,3,0,1,97,97.2,20.6,146,31.77,7.68,3.57,5.7,3.11
392,Agusta,5,1,0,1,5,5,5,7,1,1,1,1,1,1,5,1,1,5,1,0,0,5,1,3,5,7,3,2,0,0,0,0,0,0,1,3,0,1,78,63.8,17.8,130,0,0,0,0,0
393,Airone,5,1,0,1,7,5,3,5,5,1,1,1,1,1,9,1,1,7,1,0,0,7,1,3,3,9,5,2,5,7,5,7,5,3,1,3,0,1,95,100.8,18.8,137,33.29,9.1,3.4,6.89,2.92
394,Allorio,5,1,0,1,7,3,3,3,7,1,1,1,1,1,5,1,1,5,1,0,0,5,1,2,1,9,7,2,5,7,5,7,5,3,1,3,0,1,100,79.8,15.6,155,27.55,8.74,3.06,6.6,2.65
395,Americano 1600,5,1,0,1,5,3,3,5,7,1,1,1,1,1,7,1,1,7,1,0,0,5,1,3,3,9,5,2,5,3,5,3,7,2,1,3,0,1,102,95.2,23,141,27.55,7.15,3.55,5.22,3.05
396,Anseatico,5,1,0,1,7,3,5,7,7,1,1,1,1,1,7,1,1,5,1,0,0,1,1,3,3,9,7,2,5,7,5,7,5,4,1,3,0,1,102,89.2,18.8,149,28.19,8.97,2.87,6.66,2.53
397,Ardizzone,5,1,0,1,7,3,3,5,7,1,1,1,1,1,7,1,1,7,1,0,0,5,1,3,5,9,5,2,5,5,5,5,5,3,1,3,0,1,101,89,20.4,140,28.38,8.11,3.25,6,2.8
398,Auro,5,1,0,1,5,7,3,5,7,1,1,1,1,1,5,1,1,3,1,0,0,5,1,2,1,7,7,2,5,5,7,5,7,2,1,3,0,1,100,85.2,13.6,151,30.95,7.57,3.71,5.66,3.18
399,Aurora,5,1,0,1,5,7,3,3,7,1,1,1,1,1,7,1,1,5,9,2,3,5,1,2,1,9,7,2,5,7,5,7,5,3,1,3,0,1,103,79.2,18,156,30.88,8.62,3.36,6.46,2.89
400,Avalya,5,1,0,1,7,7,3,5,7,1,1,1,1,1,9,1,1,7,1,0,0,7,1,3,3,9,9,2,7,7,5,7,7,3,1,3,0,1,98,103.2,20.6,161,35.02,8.86,3.56,6.8,3.04
401,Balilla Gg,5,1,0,1,5,3,3,3,7,1,1,1,1,1,5,1,1,5,1,0,0,5,1,2,3,9,7,2,5,3,5,3,7,2,1,3,0,1,103,84.6,16,156,25.8,6.98,3.55,5.11,3.03
402,Balocco,5,1,0,1,7,5,3,3,7,1,1,1,1,1,9,1,1,7,1,0,0,5,1,3,3,9,7,2,5,5,5,5,7,2,1,3,0,1,102,103.4,22.4,151,29.11,7.66,3.63,5.59,3.06
403,Balzaretti,5,1,0,1,7,5,3,5,7,1,1,1,1,1,9,1,1,7,1,0,0,5,1,4,5,9,7,2,5,5,5,7,7,3,1,3,0,1,101,105.2,21.6,150,33.33,8.48,3.66,6.32,3.07
404,Baraggia,5,1,0,1,5,5,3,5,5,1,1,1,1,1,5,1,1,3,1,0,0,5,1,2,3,7,7,2,5,5,7,5,7,2,1,3,0,1,97,86.8,14,152,31.89,7.73,3.75,5.75,3.19
405,Bellardone,5,1,0,1,7,3,5,5,5,1,1,1,1,1,7,1,1,7,1,0,0,5,1,3,5,9,3,2,5,3,5,3,7,2,1,3,0,1,92,88,22,135,28.69,7.28,3.62,5.28,3.08
406,Benito,5,9,2,9,7,5,3,5,5,1,1,1,1,1,9,9,1,7,9,5,7,5,1,2,5,9,5,2,5,5,5,5,7,2,1,3,0,1,95,97.2,22,145,28.65,7.62,3.64,5.53,3.08
407,Bertone,5,1,0,1,7,5,7,7,5,1,1,1,7,5,7,1,1,7,1,0,0,5,5,3,5,7,5,2,5,7,5,7,5,3,1,3,0,1,89,90.6,22.4,141,32.67,8.96,3.43,6.65,2.95
408,Bogdan,5,1,0,1,7,5,3,5,7,1,1,1,1,1,7,1,1,7,1,0,0,7,1,3,3,9,7,2,7,7,5,7,7,3,1,3,0,1,100,95.4,19.2,150,38.1,9.23,3.58,7.13,3.09
409,Bonni,5,1,0,1,7,5,5,7,5,1,1,1,1,1,7,1,1,7,1,0,0,5,1,5,5,5,7,2,7,7,5,7,5,4,1,3,0,1,95,95.4,19.8,146,38.92,10.33,3.25,7.78,2.74
410,Calliope,5,1,0,1,5,5,1,3,7,1,1,1,1,1,5,1,1,5,1,0,0,1,1,2,5,9,6,2,5,3,5,3,5,2,1,3,0,1,98,71.8,16.6,143,25.91,6.99,3.33,5.16,2.92
411,Calmochi 101,5,1,0,1,7,5,3,3,7,1,1,1,3,1,5,1,1,5,9,3,3,5,4,3,5,9,7,2,5,3,5,3,5,2,1,1,0,1,85,74.6,18,153,25.64,7.26,3.59,5.12,3
412,Cammeo,5,1,0,1,7,5,3,5,5,1,1,1,1,1,5,1,1,5,1,0,0,3,1,3,3,7,6,2,7,7,7,7,7,3,1,3,1,1,86,74.13,17.83,144,42.33,10.08,3.73,7.44,3.14
413,Caravaggio,5,1,0,1,7,5,3,3,7,1,3,3,5,1,7,1,1,5,1,0,0,5,4,3,5,9,7,3,7,7,7,7,7,3,1,3,0,1,107,80.4,18.4,148,37.68,9.29,3.75,7.07,3.18
414,Cassiopea,5,1,0,1,5,5,3,3,9,1,1,1,3,1,3,1,1,5,1,0,0,1,4,3,3,7,7,2,5,7,3,7,3,5,1,3,0,1,111,61.2,19.4,147,25.44,10.16,2.29,7.63,2
415,Castello,5,1,0,1,5,5,3,3,7,1,1,1,5,1,3,1,1,5,1,0,0,5,4,2,1,9,7,3,5,3,5,3,5,2,1,3,0,1,99,62.2,14.8,158,25.07,7.22,3.49,5.33,2.95
416,Castore,5,1,0,1,5,5,1,3,7,1,1,1,3,1,3,1,1,5,1,0,0,1,3,3,5,9,6,3,5,3,5,3,7,2,1,3,1,1,90,61,21,140,30.1,7.03,3.57,5.12,3.14
417,Catullo,5,1,0,1,7,3,3,3,3,1,1,1,1,1,7,1,1,7,1,0,0,1,1,3,5,9,5,2,5,7,5,7,5,4,1,3,0,1,98,79.6,20.4,141,31.74,8.97,3.1,6.88,2.71
418,Cellini,5,1,0,1,5,5,1,3,7,1,1,1,3,1,3,1,1,5,1,0,0,3,4,2,3,7,7,2,5,3,5,3,7,2,1,3,0,1,101,59,17.2,153,25.63,6.93,3.59,5,3.07
516,A201,3,1,0,1,5,3,1,3,9,0,1,1,7,0,1,1,1,5,1,0,0,1,5,3,5,1,9,2,5,7,3,7,3,5,1,0,0,0,125,59,19.6,164,26.72,10.02,2.4,7.98,2.09
420,Cistella,5,1,0,1,7,5,3,5,7,1,1,3,5,1,7,1,1,7,1,0,0,5,4,3,3,7,7,3,7,7,7,7,7,3,1,3,0,1,104,82.3,21.4,154,40.37,9.27,3.95,6.99,3.35
421,Cleopatra,5,1,0,1,7,5,1,1,3,1,1,1,1,1,5,1,1,5,9,1,1,5,1,3,5,7,7,2,5,3,5,3,7,2,1,3,0,1,100,64.8,19.4,156,26.16,6.88,3.62,4.98,3.13
422,Corimbo,5,1,0,1,5,5,3,3,5,1,1,1,1,1,5,1,1,5,1,0,0,1,1,2,5,7,3,2,5,7,3,7,3,5,1,3,2,1,85,61,17,125,27.13,10.07,2.45,7.89,2.13
423,Dellrose,5,1,0,1,5,5,3,3,9,1,1,1,1,1,5,1,1,7,1,0,0,3,1,3,5,7,7,2,3,7,3,7,3,5,1,3,0,1,0,69.6,21.8,147,23.9,8.82,2.59,6.77,2.24
424,Demetra,5,1,0,1,3,5,3,3,5,1,1,1,1,1,5,1,1,5,1,0,0,5,1,2,3,9,3,2,5,3,5,3,5,2,1,3,1,1,87,0,0,135,32.44,7.83,3.7,5.82,3.16
425,Dunav,5,1,0,1,5,3,3,3,1,1,1,1,1,1,7,1,1,5,1,0,0,5,1,2,5,9,3,2,5,3,5,3,7,2,1,3,0,1,92,86.6,19.2,136,28.5,6.8,3.62,5.05,3.2
426,ECCO 63,7,9,2,1,5,3,1,3,7,1,1,1,7,5,5,1,1,7,9,2,3,3,4,3,5,9,7,2,5,7,3,7,3,4,1,3,1,1,105,68.03,22,150,27.04,9.21,2.74,7.42,2.35
427,Emma,5,1,0,1,7,5,3,3,9,1,1,1,5,1,5,1,1,7,1,0,0,1,4,3,3,3,5,2,3,7,3,7,3,5,1,3,0,1,107,76,21,142,22.93,10.19,2.28,7.86,1.96
428,Ermes,3,1,0,1,5,5,3,5,7,1,1,1,1,1,5,1,1,7,9,3,5,3,1,3,5,9,5,2,5,7,3,7,3,5,6,3,1,3,100,79.64,19,140,29.22,10.5,2.63,8.04,2.2
429,Espidio,5,1,0,1,7,5,3,3,9,1,1,1,5,5,5,1,1,7,1,0,0,1,4,3,5,5,5,2,3,7,3,7,3,5,1,3,0,1,109,78.4,20,141,22.41,9.07,2.42,6.85,2.13
430,Brezza,5,1,0,1,5,3,3,3,3,1,1,1,1,1,3,1,1,5,1,0,0,1,1,2,3,7,3,2,5,7,3,7,3,5,1,3,1,3,86,60.05,16,122,29.18,10.2,2.62,7.74,2.25
431,Fado,5,1,0,1,5,3,3,3,9,1,1,1,5,5,5,1,1,7,9,1,1,5,5,3,5,7,9,2,7,7,5,7,5,4,1,3,0,1,109,74,20.8,161,35.52,9.78,3.35,7.29,2.82
432,Faro,5,1,0,1,5,5,5,5,7,1,1,3,7,5,9,1,1,5,1,0,0,7,5,2,3,9,7,3,5,5,7,5,7,2,1,3,0,1,102,96,16.4,157,33.33,8.27,3.72,6.18,3.18
433,Fenice,3,1,0,1,3,5,3,3,3,1,1,1,5,1,3,1,1,5,1,0,0,5,4,2,3,9,3,2,5,7,5,7,5,4,1,3,1,1,82,68.48,14,132,32.48,9.07,3.17,6.92,2.7
434,Feronio,5,1,0,1,7,5,3,7,9,1,3,3,3,4,9,1,1,7,1,0,0,7,4,3,5,9,7,2,5,5,5,5,7,2,1,3,0,1,113,112.8,21,153,27.66,7.64,3.55,5.61,3.03
435,Ferraris,5,1,0,1,7,5,5,5,7,1,1,1,1,1,9,1,1,7,1,0,0,7,1,3,5,9,7,2,5,5,7,5,7,2,1,3,0,1,100,108.6,21.8,148,31.22,7.78,3.76,5.66,3.16
436,Fortuna,5,1,0,1,7,7,3,7,9,1,1,1,1,1,9,1,1,7,1,0,0,7,1,3,3,9,7,2,5,7,5,7,5,4,1,3,0,1,115,129.2,24.8,159,31.52,9.62,2.94,7.22,2.59
437,Gageron,5,1,0,1,5,3,1,1,5,1,1,1,1,1,5,1,1,5,1,0,0,3,1,2,3,9,7,2,3,3,5,3,5,2,1,3,0,1,107,77.4,18,157,24.22,7.14,3.29,5.16,2.85
438,Giovanni Marchetti,5,1,0,1,7,5,3,5,5,1,7,7,7,5,7,9,9,5,1,0,0,5,6,3,5,7,7,6,5,5,7,5,7,2,1,3,0,1,97,85.4,15.6,146,33.4,7.9,3.85,5.79,3.29
439,Greggio,5,1,0,1,7,5,5,5,7,1,1,1,1,1,9,1,1,7,1,0,0,5,1,3,5,9,7,2,5,5,5,5,7,3,1,3,0,1,98,99.4,21.2,146,31.76,8.28,3.61,6.17,3.04
440,Gritna,5,1,0,1,7,5,5,7,5,1,1,1,1,1,7,1,1,7,1,0,0,3,1,3,3,9,5,2,5,7,5,7,5,4,1,3,0,1,93,96,21.2,139,33.95,9.3,3.17,7.14,2.75
441,Guadiagran,5,1,0,1,5,5,1,5,7,1,1,1,1,1,3,1,1,5,1,0,0,3,1,3,5,9,5,2,5,5,5,5,5,3,1,3,0,1,97,63.8,18.8,141,29.36,8.18,3.26,6.11,2.82
442,Ice,5,1,0,1,7,5,5,5,5,1,1,1,1,1,7,1,1,7,1,0,0,3,1,3,3,9,5,2,5,5,5,5,5,3,1,3,0,1,94,88.8,21.6,144,25.7,8.01,3.12,6.04,2.68
443,Indio,5,1,0,1,7,5,3,5,7,1,1,1,1,1,7,1,9,7,1,0,0,1,1,3,5,9,5,3,5,7,3,7,3,5,1,3,0,1,98,0,0,143,26.21,9.58,2.67,7.43,2.29
444,Irgr Dani,5,1,0,1,7,7,3,3,7,1,1,1,1,1,7,1,1,5,1,0,0,5,1,3,3,9,7,2,5,5,5,5,7,2,1,3,0,1,102,88.6,17,159,29.9,8.14,3.62,6,3.1
445,Irgr Viki,5,1,0,1,5,7,5,5,7,1,1,1,1,1,9,1,1,7,1,0,0,5,1,3,3,9,5,2,5,5,5,5,7,2,1,3,0,1,97,108.8,24.4,139,29.88,7.54,3.6,5.55,3.11
446,Iskra,5,1,0,1,7,5,3,3,7,1,1,1,1,1,9,1,1,7,1,0,0,5,1,3,5,9,7,2,5,5,7,5,7,2,1,3,0,1,103,101.4,23.2,148,29.64,7.57,3.71,5.6,3.21
447,Italico,5,1,0,1,7,5,5,5,5,1,1,1,7,1,7,9,9,7,1,0,0,5,4,3,5,9,3,2,5,5,7,5,7,2,1,3,0,1,88,88.4,21,130,33.18,7.75,3.89,5.82,3.33
448,Italico Livorno,5,9,2,9,7,5,5,5,7,1,1,1,5,1,9,9,9,7,1,0,0,5,4,3,3,9,5,3,7,7,7,7,7,3,1,3,0,1,95,104.8,20.2,140,41.09,9.3,3.89,7.05,3.31
450,Italpatna 48,5,1,0,1,7,3,3,5,9,1,1,1,1,1,9,1,1,7,1,0,0,5,1,3,5,9,7,2,5,7,5,7,5,4,1,3,0,1,76,98,21.8,152,31.29,9.61,3.18,7.12,2.72
451,Keope,5,1,0,1,7,5,3,3,3,1,3,5,7,1,5,1,1,7,9,1,1,3,5,3,5,7,6,3,7,7,5,7,7,3,1,3,0,1,99,72.4,20,150,38.6,9.4,3.69,7.18,3.14
452,Korostaj 333,5,1,0,1,5,5,3,5,1,1,1,1,1,1,3,1,1,5,1,0,0,5,1,2,5,7,3,2,5,7,5,7,5,3,1,3,0,1,83,57.8,16.6,131,26.49,8.68,3.12,6.39,2.64
453,La Ferla,5,1,0,1,7,5,3,5,7,1,5,7,9,5,9,1,9,5,1,0,0,5,6,3,5,9,7,6,7,7,7,7,7,3,1,3,0,1,105,116.8,18,158,40.67,9.29,3.92,6.96,3.33
454,Lencino,3,1,0,1,7,5,3,3,7,1,1,1,1,1,9,1,1,7,9,5,9,5,1,3,3,9,7,2,3,3,5,3,5,2,1,3,0,1,101,107.8,22.2,146,24.12,7.17,3.39,5.1,2.81
455,Lieto,5,1,0,1,7,5,3,5,7,1,1,3,7,1,9,1,1,5,1,0,0,5,4,2,3,9,7,2,5,7,5,7,5,3,1,3,0,1,103,106.4,18.6,149,31.33,8.64,3.39,6.46,2.91
456,LMPB,5,1,0,1,7,5,5,5,7,1,1,1,1,1,9,1,1,7,1,0,0,5,1,3,3,9,7,2,5,5,7,5,7,2,1,3,0,1,102,97,24.4,151,31.6,7.61,3.77,5.63,3.26
457,Lomello,5,1,0,1,7,5,5,5,1,1,1,1,1,1,9,1,1,7,1,0,0,7,1,3,3,9,5,2,7,7,7,7,7,3,1,3,0,1,97,111.4,22.4,145,40.6,9.18,3.84,6.93,3.24
458,M 225,5,1,0,1,5,5,3,5,1,1,1,1,1,1,5,1,1,3,1,0,0,3,1,2,3,7,3,2,5,5,7,5,7,2,1,3,0,1,80,65.6,13.6,135,32.08,7.84,3.76,5.8,3.23
459,M 488,5,1,0,1,5,5,3,5,1,1,1,1,1,1,5,1,1,5,1,0,0,5,1,2,3,7,5,2,0,0,0,0,0,0,1,3,0,1,82,67,15,141,0,0,0,0,0
460,M 60,5,1,0,1,5,5,3,7,3,1,1,1,1,1,5,1,1,5,1,0,0,5,1,2,3,9,3,2,5,7,5,7,5,4,1,3,0,1,86,76.8,17.8,131,34.06,9.47,3.28,7.15,2.83
461,Mariana,5,1,0,1,7,5,3,3,7,1,1,1,1,1,9,9,1,7,1,0,0,5,1,3,5,9,5,2,5,5,5,5,7,2,1,3,0,1,103,113.2,22.4,137,29.61,7.76,3.62,5.59,3.08
462,Medea,5,1,0,1,5,5,3,5,7,1,1,1,3,1,3,1,1,5,1,0,0,7,3,3,3,7,6,3,5,5,5,5,7,2,1,3,2,1,89,63.04,16,141,29.89,7.72,3.68,5.63,3.1
463,Merle,5,1,0,1,5,5,1,1,5,1,1,1,7,5,7,1,1,7,9,2,1,1,4,3,5,7,3,2,5,7,3,7,3,4,1,3,0,1,98,77.2,20.2,133,25.15,9.16,2.58,6.67,2.23
464,Molinella,5,1,0,1,7,5,3,5,7,1,5,7,9,5,7,1,9,5,1,0,0,5,6,3,5,9,7,6,7,7,7,7,7,3,1,3,0,1,100,92.8,18,155,40.31,8.78,3.75,6.59,3.19
465,Navile,5,1,0,1,7,3,3,5,7,1,1,1,1,1,9,1,1,7,1,0,0,5,1,3,3,9,5,2,5,5,5,5,5,3,1,3,0,1,100,101.6,19.2,141,28.11,7.99,3.31,5.92,2.82
466,Nemesi Cl,5,1,0,1,7,7,5,7,1,1,1,1,1,1,3,1,1,5,1,0,0,1,1,3,5,7,3,2,5,7,5,7,5,4,1,3,0,1,88,66.2,19.2,134,32.85,9.33,3.18,7.02,2.73
467,Neretto,5,1,0,1,7,5,3,5,7,1,5,7,9,5,9,1,9,5,1,0,0,7,6,2,1,9,7,6,5,5,5,5,7,2,1,3,0,1,99,105.2,18,159,28.78,7.58,3.61,5.56,3.07
468,Nero,5,1,0,1,7,5,5,5,9,1,7,7,9,5,9,1,9,5,1,0,0,7,6,3,3,9,7,6,7,7,7,7,7,3,1,3,0,1,107,104.4,17.2,159,35.3,8.86,3.75,6.52,3.17
469,Neve,5,1,0,1,5,5,3,5,5,1,1,1,1,1,3,1,1,5,1,0,0,5,1,3,3,7,3,2,7,7,7,7,7,3,1,3,1,1,83,54.89,17,125,45.96,10.19,3.75,7.66,3.19
470,Nova,5,1,0,1,7,5,3,7,5,1,1,1,1,1,7,1,1,5,1,0,0,9,1,3,3,9,5,2,5,5,5,5,7,2,1,3,0,1,89,94.6,17,140,32.01,8.07,3.56,5.95,3.01
471,Olcenengo,5,1,0,1,7,5,5,7,5,1,1,1,1,1,9,1,1,7,1,0,0,5,1,3,5,9,7,2,5,5,5,7,7,3,1,3,0,1,95,99.4,22.8,150,33.89,8.39,3.64,6.46,3.1
472,Oldenico,5,1,0,1,7,5,3,7,5,1,1,1,1,1,9,1,1,7,1,0,0,5,1,3,5,9,5,2,7,5,7,5,7,2,1,3,0,1,97,112.6,24.4,145,36.39,8.2,3.81,6.02,3.26
473,Orion,5,1,0,1,7,5,1,3,9,1,1,1,1,1,7,1,1,7,1,0,0,1,1,3,5,9,7,2,3,5,5,5,5,3,1,3,0,1,111,82.4,20.4,153,21.58,7.57,3.04,5.52,2.66
474,Orione (Storico),5,1,0,1,7,5,3,3,9,1,1,1,1,1,9,1,1,5,1,0,0,5,1,2,3,9,7,2,5,5,5,5,5,3,1,3,0,1,106,100.4,17,153,27.39,8.07,3.34,5.94,2.88
475,Oryzella,5,1,0,1,7,3,3,7,1,1,1,1,1,1,5,1,1,5,1,0,0,3,1,3,3,7,1,2,0,0,0,0,0,0,1,3,0,1,82,62.6,18.6,0,0,0,0,0,0
476,Pecos,5,1,0,1,5,5,1,3,9,1,3,5,9,5,7,1,1,5,9,1,3,3,5,2,3,9,7,3,3,5,5,5,5,2,1,3,0,1,109,84,18.6,156,24.77,7.71,3.18,5.57,2.81
477,Petronio,5,1,0,1,7,5,5,3,5,1,1,1,1,1,9,1,1,5,1,0,0,7,1,3,5,9,7,2,5,5,5,5,7,2,1,3,0,1,97,101.2,16.4,151,31.57,8.2,3.59,6.01,3.07
478,Polluce Cl,7,1,0,1,5,5,3,5,3,1,1,1,1,1,3,1,1,5,1,0,0,1,1,2,5,7,5,2,5,3,5,3,5,2,1,3,0,1,95,70,19.4,147,25.91,6.78,3.46,5.02,2.99
479,Precoce Monticelli,5,1,0,1,7,5,5,7,7,1,1,3,5,1,9,9,1,7,9,1,1,5,4,3,5,9,7,3,5,5,7,5,7,2,1,3,0,1,100,107.6,21.6,155,30.99,7.67,3.86,5.68,3.31
480,Prostor,5,1,0,1,7,7,3,3,7,1,1,1,1,1,7,1,1,5,1,0,0,7,1,3,3,5,9,2,5,5,5,5,5,3,1,3,0,1,104,92.2,17,165,28.83,8.35,3.33,6.25,2.83
481,Proteo,5,1,0,1,3,5,5,5,3,1,1,1,5,1,1,1,1,5,1,0,0,3,4,3,3,9,4,2,7,7,7,7,7,3,1,3,1,1,82,50.33,14,134,46.44,9.85,3.84,7.31,3.22
482,Raffaello,5,1,0,1,7,5,3,5,7,1,3,5,7,1,7,1,9,5,1,0,0,5,4,2,3,9,5,3,5,5,5,5,5,2,1,3,0,1,101,83,18.8,143,27.79,7.72,3.41,5.56,2.87
483,Ranghino,5,1,0,1,5,5,3,5,5,1,1,1,5,1,7,1,1,7,1,0,0,5,4,3,5,7,5,2,5,3,7,3,7,2,1,3,0,1,92,82,20,136,28.8,7.25,3.73,5.24,3.12
484,Rialto,5,1,0,1,7,5,5,5,9,1,1,1,1,1,7,1,1,7,1,0,0,5,1,3,3,9,7,2,7,7,7,7,7,3,1,3,0,1,107,99,19.2,151,38.41,9.65,3.75,7.24,3.18
485,Ribello,5,1,0,1,5,5,5,5,9,1,1,3,5,1,7,1,9,5,9,2,3,7,4,3,3,9,7,3,5,7,5,7,7,3,1,3,0,1,106,87,16.2,146,33.74,8.88,3.53,6.62,3
486,Ringola,5,1,0,1,5,5,3,7,1,1,1,1,1,1,5,1,1,5,1,0,0,3,1,2,5,7,3,2,0,0,0,0,0,0,1,3,0,1,79,76.8,18.8,0,0,0,0,0,0
488,Rizzotto,5,1,0,1,7,5,3,5,9,1,1,1,1,1,7,1,1,5,9,5,3,9,1,3,3,9,7,2,5,7,7,7,7,3,1,3,0,1,107,91,18.2,148,32.6,8.64,3.77,6.41,3.02
489,Rocca,5,1,0,1,5,5,5,5,7,1,1,1,1,1,7,1,1,5,1,0,0,5,1,3,3,9,5,2,5,7,5,7,5,3,1,3,0,1,100,88,18,144,30.22,9.21,3.32,6.84,2.78
490,Romanico,5,1,0,1,7,5,1,5,7,1,1,1,1,1,7,1,1,5,1,0,0,5,1,3,3,9,7,2,5,7,5,7,5,3,1,3,0,1,103,91.25,21,150,31.89,9.16,3.4,6.93,2.88
491,Roncarolo,5,1,0,1,7,5,3,5,7,1,1,1,1,1,9,1,1,5,1,0,0,7,1,3,5,9,7,2,5,5,5,5,7,2,1,3,0,1,104,104.8,18,153,31.67,7.95,3.69,5.85,3.15
492,Rova,5,1,0,1,7,5,3,5,7,1,1,1,5,1,7,1,1,5,1,0,0,5,4,2,5,9,5,3,5,5,5,5,5,3,1,3,0,1,100,93.2,16.6,141,31.04,8.13,3.39,6.07,2.93
493,Rubino,5,1,0,1,5,7,3,3,7,1,1,3,5,1,5,1,9,3,1,0,0,7,4,2,1,3,7,3,5,5,5,5,7,2,1,3,0,1,104,84.6,13.6,158,30.32,7.68,3.67,5.72,3.15
494,S.Pietro,5,1,0,1,5,5,3,3,7,1,1,1,1,1,5,1,1,5,1,0,0,7,1,2,1,9,7,2,5,5,5,3,7,2,1,3,0,1,100,83.2,14.4,160,29.05,7.65,3.6,5.5,3.04
495,S.Rocco,5,1,0,1,7,5,5,5,5,1,1,1,7,1,7,1,1,7,1,0,0,5,4,3,5,7,5,2,7,7,7,7,7,3,1,3,0,1,91,94.8,19.4,139,44.36,9.65,3.79,7.49,3.25
496,Senatore Novelli,5,1,0,1,7,5,5,5,7,1,1,1,1,1,7,1,1,5,1,0,0,5,1,3,5,9,5,2,7,7,5,7,5,4,1,3,0,1,102,90.6,18,141,39.58,9.91,3.48,7.49,2.97
497,Sesila,5,1,0,1,5,5,3,5,5,1,1,1,1,1,5,1,1,3,1,0,0,7,1,2,3,9,5,2,5,5,5,5,5,2,1,3,0,1,89,66.4,14.2,137,28.08,7.9,3.48,5.84,2.95
498,Sirion,5,1,0,1,5,5,5,7,5,1,1,1,3,1,5,1,1,7,1,0,0,3,6,3,3,9,5,2,5,7,5,7,5,4,1,3,0,1,95,78.8,19.2,143,32.27,9.04,3.22,6.93,2.78
499,Sorriso,5,1,0,1,5,5,3,5,7,1,3,5,9,5,7,1,9,5,1,0,0,5,6,3,5,7,7,6,5,5,7,5,7,2,1,3,0,1,100,88.6,18.2,159,31.12,7.74,3.79,5.73,3.26
500,Teti,7,1,0,1,3,5,3,3,5,1,1,1,1,1,1,1,1,3,1,0,0,5,1,1,1,7,5,2,5,7,5,7,5,3,1,3,1,1,89,54.6,13,134,30.22,9.01,3.22,6.75,2.71
501,Torio,5,1,0,1,5,7,3,3,7,1,1,1,1,1,7,1,1,5,9,3,3,5,1,2,3,9,7,2,5,7,5,7,5,3,1,3,0,1,104,84.7,16.4,156,30.1,8.86,3.29,6.61,2.81
502,Trionfo Fassone,5,1,0,1,5,5,3,3,9,1,1,1,1,1,9,1,1,5,1,0,0,7,1,2,3,9,5,2,5,7,5,7,5,3,1,3,0,1,106,102.4,18.4,144,28.4,8.66,3.41,6.31,2.83
503,Vasco,5,1,0,1,5,5,1,1,5,1,1,1,1,1,3,1,1,5,1,0,0,1,1,3,3,7,5,2,7,7,5,7,5,4,1,3,1,1,90,56.69,17,140,38.12,9.59,3.32,7.32,2.87
504,Vento,5,1,0,1,5,5,3,5,1,1,1,1,7,1,3,1,1,5,1,0,0,5,4,3,3,7,1,2,5,7,5,5,5,3,1,3,1,1,77,0,0,119,27.46,8.66,3.12,6.29,2.6
506,Vialone Nero,7,9,2,9,7,5,3,5,7,1,7,7,9,5,9,9,9,7,1,0,0,5,5,3,5,9,7,5,5,5,5,5,7,2,1,3,1,1,103,119,23.2,157,30.69,7.96,3.69,5.94,3.19
507,Vitro,5,1,0,1,5,5,3,3,7,1,1,1,1,1,5,1,1,5,1,0,0,5,1,2,3,9,7,2,5,7,5,7,5,3,1,3,0,1,102,76.4,15.4,154,29,8.55,3.26,6.33,2.8
508,Wang,5,1,0,1,5,5,1,1,5,1,1,1,1,1,3,1,1,0,1,0,0,5,1,2,1,9,5,2,3,5,5,7,5,3,1,3,1,1,83,56.73,14,131,24.9,7.74,3.1,5.7,2.63
509,Zhen Sha,5,9,2,1,5,5,3,3,7,1,1,1,7,5,5,9,9,5,1,0,0,1,5,3,5,7,3,2,5,5,5,5,5,3,1,3,0,1,99,67,18,135,27.02,7.73,3.27,5.66,2.78
515,Sagittario,5,1,0,1,5,3,3,3,5,1,1,1,9,5,3,1,1,5,1,0,0,1,5,3,3,7,3,2,5,7,3,7,3,5,1,3,1,1,92,56.27,18.92,135,29.79,10.27,2.59,8.02,2.3
517,Dixiebelle,5,1,0,1,7,7,1,1,9,1,1,1,5,1,1,1,1,7,1,0,0,1,4,3,3,3,9,2,3,5,3,7,3,4,1,0,0,0,125,57,20.4,166,20.73,8.23,2.48,6.51,2.2
518,Giza 177,5,1,0,1,5,3,1,1,9,1,1,1,1,1,5,1,1,5,1,0,0,3,1,3,3,9,9,2,5,3,5,3,5,2,1,0,0,0,116,75,19.8,168,28.91,7.29,3.39,5.37,2.99
519,Rodio,5,9,4,9,7,5,3,5,9,1,3,5,7,5,9,9,9,7,1,0,0,5,3,3,3,7,9,3,7,7,5,7,5,3,1,0,0,0,106,105,21.6,160,35.21,9.13,3.29,6.98,2.86
520,Insubria,5,1,0,1,7,5,1,3,3,1,1,1,1,1,3,1,1,5,1,0,0,5,1,3,3,9,5,2,7,7,7,7,7,3,1,0,0,0,106,74.4,19.8,162,38.46,8.98,3.72,6.69,3.25
521,Leonidas CL,5,1,0,1,7,5,3,3,7,1,1,3,7,1,3,1,1,7,1,0,0,5,4,3,5,9,7,3,7,7,5,7,7,3,1,0,0,0,113,73.6,21.2,155,41.84,9.66,3.59,7.45,3.05
522,Ardea,5,1,0,1,5,5,3,3,3,1,1,1,1,1,3,1,1,7,9,3,3,5,1,3,3,9,5,2,5,3,5,3,5,2,1,0,0,1,108,72.4,20.1,162,26.53,7.13,3.46,5.22,2.94
523,Iride CL,5,1,0,1,7,7,5,5,9,1,1,1,1,1,5,1,1,7,1,0,0,5,1,3,3,9,7,2,5,7,5,7,5,4,1,0,0,0,98,76.4,20.8,154,28.75,8.82,3.05,6.74,2.59
524,Arianna CL,5,1,0,1,5,5,3,3,9,1,1,1,7,1,5,1,1,7,1,0,0,1,5,3,3,9,7,2,3,7,3,7,3,5,1,0,0,0,117,76.4,20.4,155,24.91,9.36,2.4,7.27,2.16
525,Karmina,5,1,0,1,7,5,5,5,7,1,1,1,1,1,3,1,1,5,1,0,0,3,3,3,5,9,5,3,5,7,5,7,5,4,1,0,0,0,91,73.2,18.4,141,31.85,9.04,3.19,6.89,2.73
526,Risabell,5,1,0,1,7,3,5,7,7,1,1,1,1,1,7,1,1,7,1,0,0,3,1,3,5,9,7,2,5,7,3,7,3,5,1,0,0,0,97,90.2,23.6,151,26.46,10.03,2.55,7.58,2.17
527,Sandora,5,1,0,1,7,5,5,7,1,1,1,1,1,1,5,1,1,7,1,0,0,5,1,3,3,9,3,2,5,7,5,7,5,4,1,0,0,0,92,75.2,20,141,32.58,9.69,3.01,7.36,2.55
528,Qm 1003,5,1,0,1,5,5,1,1,9,1,1,1,1,1,0,1,1,0,9,3,7,1,1,3,5,5,0,2,5,7,3,7,3,5,1,0,0,0,125,0,0,0,25.71,9.42,2.52,7.08,2.17
529,Janka,5,1,0,1,7,5,5,5,1,1,1,1,1,1,3,1,1,7,1,0,0,3,1,3,5,9,1,2,5,7,5,7,5,4,1,0,0,0,91,72.6,22.2,148,32.81,9.79,3,7.41,2.55
530,Marquesa,5,1,0,1,5,7,3,3,9,1,1,1,7,1,5,1,1,7,1,0,0,1,5,3,3,7,7,2,5,7,3,7,3,5,1,0,0,0,112,77.4,24,152,31.11,10.61,2.6,8.33,2.29
531,Fruzsinam,5,1,0,1,5,5,5,5,5,1,1,1,1,1,5,1,1,7,1,0,0,3,1,3,3,9,5,2,5,7,5,7,5,4,1,0,0,0,90,82.2,21.4,136,32.66,9.71,3.08,7.48,2.67
532,Hispamar,5,1,0,1,5,5,1,3,3,1,1,1,1,1,3,1,1,5,9,2,3,1,1,3,5,9,5,2,7,5,7,5,7,2,1,3,1,1,97,67.4,16,159,35.02,8.04,3.76,6.03,3.3
533,Dma,3,1,0,1,7,5,3,7,1,1,1,1,1,1,5,1,1,7,1,0,0,3,1,3,5,9,1,2,5,7,5,7,5,4,1,0,0,0,97,84,20.2,139,30.66,9.5,2.88,7.25,2.54
534,Bioryza H,3,1,0,1,7,5,5,7,7,1,1,1,1,1,5,1,1,7,1,0,0,3,1,3,3,9,5,2,5,5,5,5,5,3,1,0,0,0,92,83.8,21,0,27.45,7.86,3.23,5.89,2.74
535,Kolorado,5,1,0,1,5,5,3,3,6,1,1,1,1,1,3,1,1,7,1,0,0,1,1,3,3,7,5,2,3,5,3,7,3,4,6,3,1,1,110,64.5,21.9,0,24.75,8.49,2.79,6.33,2.39
536,Barone CL,5,1,0,1,5,5,3,3,7,1,1,1,1,1,3,1,1,5,9,2,3,5,1,3,3,9,7,2,7,7,7,7,7,3,1,3,1,1,95,66.89,16.95,145,39.56,9.4,3.74,7.06,3.19
537,Unico,5,1,0,1,3,5,1,1,7,1,1,1,1,1,1,1,1,5,1,0,0,1,1,1,1,3,6,2,5,7,5,7,5,3,1,3,1,1,96,46.67,14.83,151,32.9,9.11,3.23,6.69,2.86
538,Furia CL,7,9,2,1,3,5,3,5,5,1,1,1,7,5,3,1,1,5,1,0,0,5,5,3,3,9,4,2,5,5,5,5,5,3,1,3,2,1,89,62.86,16.61,135,29.27,7.81,3.27,5.82,2.82
539,Galassia,5,1,0,1,5,7,3,5,5,1,1,3,5,1,3,1,1,5,1,0,0,5,4,3,3,9,4,4,7,7,5,7,7,3,1,3,2,1,94,63.26,18.14,143,37.48,8.9,3.62,6.66,3.09
540,Generale,5,1,0,1,3,5,3,3,9,1,1,1,1,1,5,1,1,5,1,0,0,1,1,3,3,9,7,2,7,7,7,7,7,2,1,3,1,1,99,76.9,17.28,152,45.79,9.24,4.13,7.01,3.63
541,Lagostino,5,1,0,1,5,5,3,3,5,1,1,1,1,1,3,1,1,5,1,0,0,5,1,3,3,9,5,2,5,3,7,3,7,2,1,3,1,1,89,66.83,17.8,140,29.92,7.4,3.72,5.35,3.2
542,Megumi,5,1,0,1,3,5,3,3,1,1,1,1,1,1,1,1,1,5,1,0,0,5,1,2,3,9,3,2,5,3,5,3,5,2,1,3,1,1,71,52.12,14.33,126,28.01,7.28,3.42,5.23,2.95
543,Mirko,5,1,0,1,5,3,1,3,3,1,1,1,1,1,3,1,1,5,1,0,0,3,1,3,3,9,3,2,3,7,3,7,3,5,1,3,2,1,91,64.49,18.81,131,22.88,9.14,2.47,7.02,2.09
544,Pato,5,1,0,1,5,5,1,3,5,1,1,1,1,1,3,1,1,5,1,0,0,5,1,3,3,9,3,2,7,7,7,7,7,3,1,3,1,1,87,66.85,16.2,132,39.49,9.04,3.75,6.77,3.19
545,Risrus,5,1,0,1,5,5,3,3,5,1,1,1,7,5,5,1,1,5,9,4,3,5,4,3,3,7,5,2,5,7,5,7,5,4,6,3,2,1,85,77.13,16.7,138,33.68,9.77,3.06,7.62,2.65
546,Terra CL,5,1,0,1,5,5,3,3,7,1,1,1,3,1,3,1,1,5,9,4,7,5,4,3,5,9,5,2,3,3,5,3,5,2,1,3,2,1,94,60.3,17.99,138,23.67,6.6,3.31,4.85,2.85
547,ECCO 51 CL,7,9,2,1,5,3,1,1,7,1,1,1,7,5,3,1,1,7,9,2,3,1,5,3,5,9,3,2,5,7,3,7,3,5,1,3,2,1,92,60.66,22.16,130,27.02,9.31,2.67,7.17,2.31
548,ECCO 61,7,9,2,9,5,3,1,1,3,1,1,1,7,5,3,1,1,7,1,0,0,3,5,3,5,7,3,2,5,7,3,7,3,5,1,3,2,1,94,61.53,22.85,132,25.88,9.14,2.62,7.12,2.28
549,LT 155,5,1,0,1,5,5,3,3,7,1,1,1,1,1,3,1,1,5,1,0,0,5,1,3,3,9,5,2,7,7,7,7,7,3,1,3,1,1,94,74,19,141,51.79,9.83,4.21,7.46,3.62
550,RTID4355,7,9,2,9,7,5,1,1,7,1,1,1,7,5,3,1,1,5,9,2,3,1,4,3,3,3,9,2,0,0,0,0,0,4,1,2,1,1,126,53,16,148,19.46,8.52,2.66,6.51,2.31
551,RTID4631,5,9,2,1,3,3,1,1,7,3,1,1,7,5,1,1,1,5,1,0,0,3,4,0,0,0,0,2,0,0,0,0,0,4,1,3,2,1,124,48,15,165,0,0,0,0,0
552,RTID4639,7,9,2,9,7,5,1,3,9,1,1,1,5,5,3,1,1,5,1,0,0,1,5,3,3,1,9,2,0,0,0,0,0,5,1,3,1,1,131,55,16,170,21.54,8.45,2.47,6.61,2.19
553,CL31,5,1,0,1,3,5,1,3,7,1,1,1,1,1,1,1,1,5,9,2,3,5,1,3,3,5,6,2,5,7,5,7,5,3,1,3,1,1,96,55.1,15,147,33.54,8.8,3.34,6.58,2.88
554,CL15,5,1,0,1,3,3,3,3,5,1,1,1,5,1,1,1,1,5,1,0,0,3,4,2,3,9,5,2,5,3,5,3,7,2,1,3,1,1,95,59.5,16,150,25.56,6.88,3.46,5.17,3
555,Egeo CL,3,1,0,1,7,5,3,5,0,1,1,1,1,1,0,1,1,0,1,0,0,1,1,3,3,7,0,2,7,5,7,6,7,2,1,3,1,1,93,85,20,153,45.83,9.51,3.95,7.38,3.48
556,David CL,7,1,0,1,5,5,1,3,7,1,1,1,5,1,3,1,1,7,1,0,0,1,5,3,3,7,5,2,3,7,3,7,3,5,1,3,2,1,94,69,21,137,25.01,9.69,2.38,7.67,2.1
557,Vaccares,5,1,0,1,5,5,1,1,5,1,1,1,1,1,5,1,1,5,1,0,0,5,1,0,0,0,0,0,3,7,3,7,3,5,1,0,0,0,115,0,0,0,20.74,9.19,2.41,7.09,2.05
558,Tam Tam,5,1,0,1,5,5,3,3,5,1,1,1,1,1,3,1,1,3,1,0,0,5,1,2,3,5,5,0,3,7,3,7,3,5,6,0,0,0,114,65,14,167,21.3,8.86,2.63,6.69,2.17
559,Spada,5,1,0,1,5,3,3,3,5,1,1,1,5,1,3,1,1,5,1,0,0,1,5,3,3,5,5,2,3,7,3,7,3,5,1,0,0,0,112,61,19,149,22.06,8.59,2.35,6.79,2.15
560,Kirkpinar,5,1,0,1,7,5,3,3,5,1,1,1,1,1,7,1,1,5,1,0,0,7,1,3,3,9,7,2,7,7,5,7,7,3,1,0,0,0,111,94,18,165,36.56,8.91,3.53,6.99,3.1
562,Norma,5,1,0,1,3,5,3,3,5,1,1,1,1,1,5,1,1,5,1,0,0,5,1,3,3,9,9,2,5,7,5,7,5,3,1,0,0,0,115,81,16,171,29.59,8.63,3.14,6.69,2.76
563,Halibey,5,1,0,1,7,7,3,3,3,0,1,1,1,1,5,1,1,5,1,0,0,5,1,3,3,7,3,2,5,5,5,7,5,3,1,0,0,0,103,79,17,144,28.85,8.28,3.43,6.33,2.96
564,Balgarka,5,1,0,1,7,3,3,3,5,1,1,1,1,1,9,1,1,7,9,5,5,5,1,3,5,9,7,2,5,3,5,3,7,2,1,0,0,0,111,108,20,162,25.84,7,3.54,5.22,3.04
565,Milkana,5,1,0,1,7,5,5,7,1,1,1,1,1,1,5,1,1,7,1,0,0,7,1,3,3,9,3,2,5,5,5,5,7,2,1,0,0,0,95,87,22,144,32.94,8.09,3.64,6.07,3.17
566,Gala,5,1,0,1,5,7,3,3,5,1,1,1,1,1,5,1,1,3,1,0,0,5,1,2,1,9,7,2,5,5,5,7,5,3,1,0,0,0,111,83,14,162,30.21,8.27,3.26,6.38,2.84
568,Sommo,5,1,0,1,5,5,1,0,7,1,1,1,1,1,0,0,0,0,0,0,0,0,0,0,0,0,0,0,5,3,5,3,7,2,1,0,0,0,116,0,0,0,26.15,7.13,3.48,5.32,3.05
569,Riet,5,1,0,1,5,7,3,3,5,1,1,1,1,1,5,1,1,5,1,0,0,7,1,3,1,7,7,2,5,3,5,5,7,2,1,0,0,0,108,76,14,168,28.93,7.29,3.61,5.57,3.11
570,Montell,5,1,0,1,5,7,3,3,5,1,1,1,1,1,5,1,1,5,1,0,0,7,1,3,1,9,7,2,5,3,5,3,7,2,1,0,0,0,112,76,15,167,29.88,7.31,3.64,5.48,3.1
571,Mata,5,1,0,1,7,5,3,3,3,1,1,1,1,1,7,1,1,3,1,0,0,7,1,2,1,9,7,2,5,5,5,5,7,2,1,0,0,0,106,88,13,169,31.9,7.74,3.6,5.82,3.07
572,Fanicris,5,1,0,1,5,5,3,3,7,1,1,1,1,1,5,1,1,5,1,0,0,5,1,2,3,9,1,2,7,7,5,7,5,4,1,3,0,1,122,0,0,0,38.34,10.19,3.02,7.87,2.64
573,Carlet,5,1,0,1,3,5,3,3,5,1,1,1,1,1,3,1,1,5,1,0,0,7,1,3,1,9,9,2,5,3,5,3,7,2,1,0,0,0,111,69,15,173,29.33,7.18,3.67,5.44,3.18
574,RG200,5,1,0,1,3,5,1,3,5,1,1,1,1,1,3,1,1,3,1,0,0,1,1,1,1,3,3,2,5,7,5,7,5,3,1,3,1,1,96,54,14,144,29.85,8.7,3.03,6.45,2.71
575,Dante,5,1,0,1,3,5,3,3,5,1,1,1,1,1,3,1,1,5,1,0,0,1,1,2,3,7,7,2,5,5,5,5,5,3,1,3,1,1,85,74,15.15,147,29.93,8.29,3.2,6.34,2.82
576,Allegro,5,1,0,1,3,5,3,5,5,1,1,1,1,1,3,1,1,5,1,0,0,7,1,3,3,7,6,2,7,7,7,7,7,3,1,3,1,1,89,64.85,15.6,146,41.02,9.2,3.79,6.9,3.21
577,Ribaldo,5,1,0,1,7,5,3,5,5,1,1,1,1,1,3,1,1,7,9,3,7,5,1,3,3,9,5,2,5,7,5,7,5,3,1,3,1,1,87,65.6,19.3,143,35.88,9.25,3.43,6.95,2.91
578,Carnaval,5,1,0,1,7,5,3,3,7,1,7,7,9,5,5,1,9,5,9,5,9,5,6,3,5,7,7,6,7,7,5,7,7,3,1,3,2,1,99,72.5,17.85,155,39.94,9.52,3.72,7.22,3.18
579,Casanova,5,1,0,1,5,5,1,3,5,1,1,1,1,1,3,1,1,5,1,0,0,5,1,3,3,7,6,2,7,7,5,7,7,3,1,3,1,1,91,57.75,18,147,39.64,9.14,3.6,6.98,3.13
580,CL111,5,1,0,1,7,5,3,3,7,1,1,1,5,1,3,1,1,5,1,0,0,1,5,3,3,7,7,2,3,7,3,7,3,5,1,3,2,1,96,60.3,19.6,149,25.21,8.99,2.61,7.09,2.29
581,CL261,5,1,0,1,7,5,3,3,9,1,1,1,5,1,3,1,1,5,1,0,0,1,5,3,3,5,7,2,3,5,5,5,5,3,1,3,1,1,102,65.05,17.45,149,24.06,7.57,3.16,5.61,2.77
582,Ghiaccio,7,9,2,9,5,5,3,5,5,1,1,1,7,5,3,1,1,5,9,5,7,3,5,3,3,9,5,2,5,7,5,7,5,4,1,3,1,1,95,61,19,145,35.14,9.6,3.16,7.22,2.72
583,Reperso,5,1,0,1,5,5,3,3,5,1,5,5,7,1,3,1,1,5,1,0,0,3,4,3,3,7,7,4,7,7,7,7,7,3,1,3,1,1,87,68.05,17.05,151,49.61,9.81,4.2,7.4,3.6
655,Il Cardinale,5,9,2,9,7,5,3,5,9,1,1,1,5,1,7,1,9,7,1,0,0,1,4,3,5,9,7,4,5,7,5,7,5,3,4,3,1,1,104,91,22,146,30.8,8.6,3.23,6.62,2.74
585,Aniride,7,9,4,9,7,5,3,5,7,1,7,7,9,5,7,9,9,5,1,0,0,5,6,3,3,9,7,6,5,3,7,3,7,2,9,3,2,3,95,95,18.9,151,26.45,7.14,3.77,5.19,3.18
586,Nero Beppino,5,9,2,9,7,5,3,3,7,1,7,7,9,5,9,1,9,7,1,0,0,7,6,3,5,9,9,3,5,7,5,7,5,3,9,3,2,3,101,101.2,22.83,154,28.54,8.91,3.45,6.6,2.8
587,Ariosto CL,5,1,0,1,7,3,1,3,7,1,1,1,7,4,3,1,1,5,1,0,0,1,5,3,3,7,7,2,5,7,3,7,3,5,1,3,1,1,97,63.25,18.45,144,27.66,9.85,2.4,7.66,2.17
588,RTID3547,5,1,0,1,5,3,1,1,9,1,1,1,5,5,3,1,1,5,1,0,0,1,5,3,5,1,0,0,3,5,3,7,3,5,1,0,0,0,125,56,15,0,23.5,8.14,2.33,6.33,2.06
589,Verel,7,9,3,9,7,5,3,3,5,1,3,7,9,5,3,1,9,7,1,0,0,5,6,3,5,7,5,5,7,7,5,7,5,3,9,3,1,3,90,74.5,20.5,145,34.13,9.16,3.62,6.59,2.95
590,BVT01,3,1,0,1,7,3,1,1,5,1,1,1,1,1,3,1,1,5,1,0,0,3,1,2,5,7,7,2,5,3,5,3,5,2,1,3,1,1,90,70.7,17.8,150,0,0,0,0,0
591,Mirai,5,1,0,1,5,5,1,3,5,1,1,1,3,1,3,1,1,5,1,0,0,7,4,3,3,5,7,2,5,3,5,3,5,2,1,3,1,1,96,68,16,151,29.51,7.39,3.71,5.35,3.15
592,CL33,5,1,0,1,5,5,3,3,5,1,1,1,3,1,3,1,1,5,1,0,0,1,4,3,3,7,5,2,5,7,5,7,5,4,1,3,2,1,95,67,19,135,32.1,8.92,3.15,6.76,2.76
593,CL28,5,1,0,1,5,3,3,5,5,1,1,1,5,5,3,1,1,5,1,0,0,1,5,3,3,7,3,1,5,7,3,7,3,5,1,3,2,1,94,67,19,134,27.28,9.38,2.67,7.35,2.33
594,Felix,7,9,2,9,5,3,1,1,5,1,1,1,7,5,1,1,1,5,1,0,0,5,5,3,3,7,6,2,5,5,5,5,5,2,1,3,2,1,94,62,18,147,29.84,7.86,3.62,5.83,3.21
595,Anteo,5,1,0,1,7,5,3,3,5,1,1,1,1,1,3,1,1,5,1,0,0,7,1,3,3,7,6,2,7,7,7,7,7,3,1,3,1,1,96,71,20,151,45.82,9.57,4.08,7.25,3.48
596,Telemaco,5,1,0,1,7,5,3,3,5,1,1,1,1,1,3,1,1,5,1,0,0,7,1,3,3,7,6,2,7,7,7,7,7,3,1,3,1,1,96,70,19,148,46.84,9.55,4.12,7.24,3.49
597,Leonardo,5,1,0,1,5,5,1,3,5,1,1,1,1,1,3,1,1,5,9,3,3,1,1,3,3,9,5,2,5,7,5,7,5,3,1,3,1,1,93,59,19,136,29.58,8.3,3.27,6.21,2.87
598,Apache Red,5,1,0,1,5,5,3,5,5,1,1,1,9,5,3,1,1,5,9,3,3,5,5,3,3,7,6,2,5,7,5,7,5,4,6,3,2,1,96,77,18,151,31.78,9.34,3.17,7,2.72
600,RG201,5,1,0,1,5,5,3,3,5,1,1,1,1,1,3,1,1,3,1,0,0,1,1,2,3,7,5,2,5,7,5,7,5,4,1,3,1,1,88,72.45,14.13,146,28.23,9.1,2.97,6.87,2.63
601,RG202,5,1,0,1,5,5,3,3,7,1,1,1,7,4,3,1,1,5,9,1,1,1,5,2,3,5,7,2,7,7,5,7,7,3,1,3,1,1,98,62,19,146,38.78,9.15,3.52,6.81,3.11
602,Ametist,5,1,0,1,5,5,1,3,3,1,1,1,1,1,7,1,1,5,1,0,5,3,1,2,1,7,3,2,5,5,5,5,5,3,1,3,1,1,0,0,0,0,0,0,0,0,0
603,Fiamma,7,9,2,9,7,5,3,3,5,1,1,1,7,5,3,1,1,7,1,0,0,1,5,3,5,9,7,2,5,7,3,7,3,5,6,3,2,3,94,68,22,150,33.2,10.37,2.87,7.78,2.5
604,Fuoco,5,1,0,1,5,5,3,5,5,1,1,1,1,1,5,1,1,5,1,0,0,3,1,3,3,9,5,2,5,5,5,5,5,2,6,3,1,1,95,78,18,135,25.87,7.51,3.29,5.66,2.86
605,Marchese CL,5,1,0,1,7,5,1,1,5,1,1,1,1,1,3,1,1,5,1,0,0,1,1,3,3,7,7,2,7,7,7,7,7,3,1,3,1,1,90,64.5,19.87,150,40.68,9.37,3.87,6.65,3.32
606,Sapi-GV,5,1,0,1,7,5,3,5,7,1,1,5,9,5,9,1,1,7,1,0,0,7,5,3,5,9,5,4,7,7,7,7,7,3,1,3,2,1,98,110,20,148,40.28,8.63,3.83,6.63,3.33
607,Macchiavelli,5,1,0,1,3,5,3,3,5,1,1,1,1,1,3,1,1,5,1,0,0,5,1,2,3,9,5,2,5,3,5,3,5,2,1,3,1,1,96,75,15,154,26.89,6.89,3.43,5.1,3.02
608,Gelso,5,1,0,1,5,3,5,5,5,1,1,1,7,5,3,1,1,5,1,0,0,1,6,3,3,9,3,2,3,7,3,7,3,5,1,3,2,3,93,65,18,131,22.56,8.58,2.5,6.82,2.2
609,Sanluca,3,1,0,1,5,5,3,5,7,1,1,1,1,1,5,1,1,5,9,3,1,5,1,3,5,7,7,2,7,7,7,7,7,2,1,3,1,1,100,87,16,156,46.19,9.39,4.25,7.04,3.64
610,Gilda,7,9,2,9,7,5,5,7,5,1,1,1,7,5,7,9,9,7,1,0,0,9,5,3,3,9,5,3,5,5,5,5,5,3,6,3,1,1,94,112,22,151,31.23,8.03,3.48,6,2.96
611,CRR,5,1,0,1,3,5,3,5,3,1,1,1,1,1,3,1,1,3,1,0,0,5,1,2,3,5,7,2,5,5,5,5,5,3,6,3,1,1,82,62.3,14.6,150,0,0,0,0,0
612,Manuela,5,1,0,1,5,5,5,5,9,1,1,1,5,5,3,1,1,7,1,0,0,1,5,3,3,7,7,2,5,7,3,7,3,5,1,3,0,1,0,0,0,0,0,0,0,0,0
613,Albaron,3,1,0,1,5,3,3,5,9,1,1,1,1,1,3,1,1,7,9,3,5,5,1,3,5,5,7,2,5,7,3,7,3,5,1,3,0,1,0,0,0,0,0,0,0,0,0
614,Impuls,3,1,0,1,7,3,5,7,9,1,1,1,1,1,5,1,1,7,1,0,0,5,1,3,5,9,5,2,5,7,3,7,3,5,1,3,0,1,0,0,0,0,0,0,0,0,0
616,Orange Nori,5,1,0,1,5,5,3,3,5,1,1,1,1,1,7,1,1,7,1,0,0,1,1,3,3,9,3,3,5,7,5,7,5,3,6,3,1,3,0,0,0,0,0,0,0,0,0
617,Violet Nori,7,9,4,9,7,5,3,3,7,1,7,7,9,5,7,1,9,7,1,0,0,5,5,3,5,9,9,6,5,5,5,5,5,3,9,3,2,3,0,0,0,0,0,0,0,0,0
618,Osmancik 97,5,1,0,1,5,7,3,3,5,1,1,1,1,1,5,1,1,3,1,0,0,5,1,2,3,9,6,2,5,7,5,7,7,3,1,0,0,1,94,90.2,16,147,33.41,8.52,3.46,6.58,3.02
619,XL 723,5,9,2,1,7,3,3,3,5,1,1,1,7,5,5,1,1,7,1,0,0,1,5,3,5,3,5,2,5,7,3,7,3,5,1,0,0,1,95,80.1,22.1,142,27.51,9.29,2.61,7.16,2.34
620,Gavella,3,1,0,1,7,3,3,3,7,1,1,1,1,1,5,1,1,7,1,0,0,3,1,3,5,5,9,2,5,7,3,7,3,5,1,0,0,1,101,75.8,23.5,156,31.75,10.65,2.61,7.98,2.28
621,Gines,3,1,0,1,5,5,3,5,5,1,1,1,1,1,5,1,1,4,1,0,0,5,1,3,5,9,6,2,5,7,5,7,3,5,1,0,0,1,93,72,17.7,147,30,9.81,2.88,7.55,2.46
622,Cirene,5,1,0,1,5,5,1,5,3,1,1,1,1,1,5,1,1,7,1,0,0,5,1,3,5,9,6,2,7,7,7,7,7,3,1,0,0,1,92,79.7,21.3,145,45.32,9.37,3.86,7.24,3.29
623,Damyan,5,9,2,9,7,5,5,7,5,1,1,1,1,1,6,9,1,4,1,0,0,9,1,3,1,9,6,2,7,5,5,5,7,2,1,0,0,1,93,90.9,18.3,145,35.43,8.18,3.6,6.27,3.15
624,Argila,5,1,0,1,5,5,1,3,3,1,1,1,1,1,1,1,1,3,1,0,0,7,1,2,3,7,7,2,7,5,7,5,7,2,1,0,0,1,91,59.7,15.9,150,36.56,8.12,4.01,6.03,3.37
625,Bolero,5,1,0,1,5,7,3,3,3,1,1,1,1,1,2,1,1,4,1,0,0,5,1,3,5,9,4,2,5,5,5,5,7,2,1,0,0,1,92,62,17.3,135,31.9,8.04,3.63,5.99,3.18
626,Antara,5,1,0,1,5,5,1,3,5,1,1,1,1,1,3,1,1,3,1,0,0,9,1,2,3,7,6,2,7,5,7,5,7,2,1,0,0,1,93,63.3,16.2,145,37.84,8.2,4.05,6.04,3.35
627,Il Moro,5,1,0,1,7,5,1,1,7,1,1,1,1,1,5,1,1,7,1,0,0,5,1,2,3,7,6,5,5,5,5,5,5,3,9,3,1,3,0,0,0,0,0,0,0,0,0
628,Pierrot (Stocchi),0,0,0,1,0,0,0,0,3,0,0,0,0,0,7,0,0,0,1,0,0,0,0,3,0,0,0,0,0,0,0,3,0,2,1,0,0,0,0,0,0,0,0,0,0,0,0
633,Kemet,7,9,3,9,5,5,3,3,9,1,5,7,9,5,3,1,9,7,1,0,0,3,5,3,5,7,7,0,3,7,3,7,3,5,9,0,0,0,112,74.14,21,157,22.67,9.37,2.65,6.87,2.17
634,Keris,3,1,0,1,7,3,1,5,7,1,1,1,1,1,6,1,1,5,1,0,0,3,1,3,5,7,7,2,5,7,3,7,3,5,6,3,0,0,110,82.2,22.1,160,28.37,10.31,2.45,8.08,2.14
635,Illeta,5,1,0,1,5,5,3,3,9,1,1,1,1,1,1,1,1,5,1,0,0,1,1,2,3,9,7,2,7,7,5,7,5,3,1,3,0,1,108,58.8,16.7,159,40.39,8.64,3.52,6.6,3.14
636,Lirio,5,1,0,1,3,5,1,3,7,1,1,1,1,1,1,1,1,5,1,0,0,1,1,2,3,9,5,2,3,3,5,3,5,3,1,0,0,0,98,57.7,15,141,24.06,7.38,3.08,5.56,2.67
637,Soto,5,1,0,1,5,7,3,3,7,1,1,1,1,1,1,1,1,3,1,0,0,3,1,2,1,7,7,2,5,5,5,5,5,2,1,0,0,0,99,51.9,13.6,156,33.73,7.49,3.86,5.69,3.33
638,Estany,5,1,0,1,5,5,3,3,9,1,1,1,1,1,1,1,1,5,1,0,0,5,1,2,1,9,7,2,5,5,5,5,5,2,1,0,0,0,103,57.6,14.8,158,31.73,7.36,3.63,5.67,3.15
639,Zorba,5,1,0,1,7,5,5,5,9,1,1,1,7,5,3,1,1,7,1,0,0,3,5,3,3,9,7,2,5,7,3,7,3,5,1,0,0,1,100,66,20.6,155,26.78,9.2,2.57,7.21,2.29
640,Golden bon,5,1,0,1,5,3,3,3,9,1,1,1,5,5,3,1,1,5,1,0,0,1,6,3,3,7,9,0,5,7,3,7,3,5,1,0,0,0,119,63.7,19.8,162,25.71,9.16,2.46,7.35,2.18
641,Fenomeno,5,1,0,1,5,5,3,3,9,1,1,1,1,1,3,1,1,5,1,0,0,5,1,3,3,9,7,2,5,7,5,7,5,4,1,0,0,0,103,67.6,19.8,155,26.61,8.54,2.81,6.67,2.46
642,Lord,5,1,0,1,7,5,3,5,9,1,1,1,1,1,5,1,1,5,1,0,0,1,1,2,3,7,7,2,5,7,5,7,5,4,1,3,0,1,103,86.1,18.6,155,28.65,8.77,2.95,6.84,2.62
643,Spillo,5,1,0,1,5,3,1,1,9,1,1,1,1,1,3,1,1,5,1,0,0,5,1,3,3,7,9,2,5,3,5,3,5,2,1,0,0,1,117,69.7,19.6,163,26.29,6.75,3.26,5.13,3
644,Limperatore,5,1,0,1,7,5,1,5,9,1,1,1,1,1,3,1,1,7,1,0,0,3,1,3,3,7,7,2,5,5,5,5,5,3,1,3,0,1,103,65.5,20,157,25.95,7.75,3.12,5.85,2.75
645,Precocissimo molina,5,1,0,1,7,5,3,3,5,1,1,1,1,1,3,1,1,5,1,0,0,3,1,2,5,9,3,2,5,3,5,3,5,2,1,0,0,1,85,68.2,18,127,29.64,7.44,3.63,5.44,3.21
646,Caban,7,1,0,1,5,5,3,5,9,1,1,1,1,1,1,1,1,5,1,0,0,5,1,2,1,7,9,2,3,5,3,5,3,4,1,0,0,1,100,57.1,15.4,161,23.93,8.48,2.7,6.46,2.41
647,Prever,5,1,0,1,7,5,3,5,9,1,1,1,7,1,5,1,9,5,1,0,0,5,5,2,3,7,7,2,3,7,3,7,3,5,1,3,0,1,103,85.2,16.9,158,20.7,8.57,2.45,6.64,2.13
648,Cambon,5,1,0,1,5,5,1,3,9,1,1,1,7,5,1,1,1,5,1,0,0,5,5,2,5,7,7,2,3,7,3,7,3,4,1,0,0,1,103,59.3,16.4,153,24.07,8.88,2.59,6.92,2.32
649,Manobi,5,1,0,1,5,5,3,3,7,1,1,1,1,1,3,1,1,5,1,0,0,7,1,2,3,9,7,2,5,5,7,5,7,2,1,0,0,1,96,71.3,16.9,147,35.39,7.95,3.65,6.23,3.2
650,Rousty,5,1,0,1,5,5,3,5,7,1,1,1,1,1,1,1,1,5,1,0,0,7,1,2,3,9,5,2,5,7,3,7,3,5,1,0,0,1,96,52.4,15.2,140,25.97,9.28,2.66,7.23,2.28
651,Tiber,5,1,0,1,3,5,3,5,5,1,1,1,1,1,1,1,1,5,1,0,0,5,1,2,3,7,5,2,3,5,5,5,5,3,1,0,0,1,91,51.5,15.8,142,24.91,8,2.94,6.15,2.54
652,Fleixa,5,1,0,1,5,5,1,3,7,1,1,1,1,1,1,1,1,3,1,0,0,7,1,2,3,9,5,2,5,5,5,5,5,2,1,0,0,1,98,54.8,14.9,144,34.12,8,3.63,6.02,3.17
653,Paty,5,1,0,1,5,5,3,5,7,1,1,1,1,1,3,1,1,5,1,0,0,5,1,3,3,7,5,2,5,7,3,7,3,5,1,0,0,0,93,60,18.1,144,25.79,9.13,2.68,7.09,2.36
654,Riege,5,1,0,1,3,5,3,5,7,1,1,1,1,1,3,1,1,5,1,0,0,3,1,3,3,7,5,2,7,7,5,7,5,4,1,3,0,1,97,61.5,18.2,139,35.58,9.47,3.27,7.34,2.82
656,Valente,5,1,0,1,5,5,3,5,5,1,1,1,1,1,3,1,1,5,1,0,0,5,1,3,3,7,5,2,5,7,5,7,5,4,1,3,1,1,90,60,18.5,139,33.53,9.6,3.14,7.13,2.66
657,CL388,5,1,0,1,5,5,3,5,7,1,1,1,1,1,3,1,1,5,1,0,0,5,1,3,3,9,7,2,7,7,7,7,7,3,1,3,1,1,93,68.5,17.5,149,39.72,8.94,3.94,6.74,3.36
658,CLA01,5,1,0,1,5,5,3,3,5,1,1,1,1,1,3,1,1,5,1,0,0,1,1,3,3,9,3,2,5,7,5,7,5,3,1,3,2,1,91,69,17,132,32.92,8.87,3.42,6.7,2.98
659,Delfo,5,1,0,1,7,3,3,5,7,1,1,1,1,1,3,1,1,5,1,0,0,1,3,3,5,9,5,3,3,7,3,7,3,5,4,3,2,1,97,66.5,16.5,141,24,9.32,2.69,7.13,2.24
660,Inov CL,3,1,0,1,7,5,1,1,9,1,1,1,1,1,3,1,1,7,9,3,5,5,1,3,5,5,7,1,5,7,3,7,3,5,1,3,2,1,106,67.5,24.5,153,27.87,9.77,2.56,7.28,2.24
661,Nerone Gold,5,1,0,1,3,5,1,3,5,1,1,1,1,1,1,1,1,5,1,0,0,5,1,3,5,9,5,3,5,7,5,7,5,3,9,2,1,3,91,56.5,18,139,27.59,8.85,3.32,6.52,2.67
662,Re CL,5,1,0,1,7,5,3,3,5,1,1,1,7,1,3,1,1,7,9,5,7,5,4,3,5,7,5,3,7,7,7,7,7,3,1,3,2,1,91,71,20,141,41.01,9.28,3.82,6.89,3.26
663,Regina Sa.Pi.Se.,5,1,0,1,5,7,1,1,7,1,1,1,1,1,3,1,1,6,1,0,0,5,1,3,3,9,7,2,5,5,5,5,5,3,1,3,2,1,97,68,20,154,31.47,8.2,3.3,6.16,2.92
664,RTID4706,3,1,0,1,5,5,1,1,9,1,1,1,1,1,3,1,1,5,9,3,5,3,1,3,5,5,7,2,3,7,3,7,3,5,1,3,2,1,108,68,17,158,25.01,9.61,2.42,7.01,2.1
665,RTID6121,5,1,0,1,5,5,1,1,9,1,1,1,1,1,3,1,1,5,9,2,3,1,1,3,3,3,7,2,5,7,3,7,3,5,1,3,2,1,114,70,16,155,27.7,10.11,2.46,7.52,2.14
666,RTID6118,5,1,0,1,5,5,1,1,9,3,1,1,1,1,3,1,1,0,9,2,3,3,1,0,0,0,0,0,0,0,0,0,0,0,0,3,2,1,116,70,NA,NA,NA,NA,NA,NA,NA
667,Samurai,7,9,2,9,5,5,3,3,5,1,1,1,9,5,3,1,1,5,1,0,0,1,4,3,3,9,3,2,7,7,5,7,5,3,1,3,1,1,91,64,19.5,135,35.26,9.17,3.37,6.94,2.89
668,Suami,7,9,2,9,3,5,5,7,5,1,1,1,9,5,2,1,1,5,1,0,0,1,5,3,3,5,5,2,5,7,5,7,5,3,1,3,1,1,92,65,15,145,32.63,8.79,3.31,6.7,2.93
671,Kori,7,9,2,9,5,5,3,5,5,1,1,1,7,5,3,9,9,7,9,3,1,5,5,3,3,9,5,2,7,7,5,7,5,4,1,3,1,1,88,69,20,140,38.7,10.07,3.3,7.44,2.74
672,CL35,5,1,0,1,5,5,3,3,5,1,1,1,3,1,3,1,1,5,1,0,0,3,4,3,3,7,3,2,7,7,5,7,5,4,1,3,1,1,87,63,18,133,35.81,9.13,3.29,7.1,2.83
673,PVL024,5,1,0,1,7,5,1,3,9,1,1,1,7,1,3,1,1,5,1,0,0,1,6,3,5,5,7,2,3,7,3,7,3,5,1,3,2,1,107,70.5,19,155,23.68,8.58,2.53,6.82,2.23
674,CL510,5,1,0,1,7,5,3,3,5,1,1,1,1,1,3,1,1,5,1,0,0,5,1,3,3,7,5,1,7,7,7,7,7,3,1,3,1,1,88,64,17,140,49.38,9.94,4.33,7.48,3.57
675,Tiberio,7,1,0,1,5,5,1,3,5,1,1,1,7,4,1,1,1,5,1,0,0,1,5,3,3,7,5,2,7,7,5,7,5,3,1,3,2,1,88,59,18,135,36.81,8.94,3.23,6.88,2.85
676,Laser,5,1,0,1,5,3,3,5,7,1,1,1,5,5,3,1,1,5,1,0,0,1,5,3,3,7,7,2,4,7,3,7,3,5,1,3,2,1,97,66.5,17.5,153,27.27,9.91,2.41,7.8,2.12
677,Nairobi One,7,9,2,9,7,5,5,7,5,1,1,7,9,5,5,1,1,7,1,0,0,3,5,3,5,9,7,6,5,7,3,7,3,5,9,3,1,3,91,82.5,22,150,26.85,10.13,2.73,7.43,2.21
678,Real,5,1,0,1,5,5,3,3,7,1,1,1,5,1,3,1,1,5,1,0,0,5,4,3,3,7,7,2,7,7,7,7,7,3,1,3,2,1,99,71,19,153,41.77,9.17,3.75,7.11,3.27
679,Zar,5,1,0,1,5,5,3,3,7,1,1,1,5,1,3,1,1,5,1,0,0,5,4,3,3,7,7,2,7,7,7,7,7,3,1,3,2,1,99,71.5,18,155,42.15,9.31,3.7,7.12,3.19
680,Avana Gold,7,9,2,9,5,5,1,3,5,1,1,5,9,5,5,1,1,7,1,0,0,3,6,3,5,9,7,3,5,7,3,7,3,5,6,3,2,3,91,76,22,150,26.98,10.14,2.51,7.76,2.07
681,Meridio,5,1,0,1,5,5,3,3,5,1,1,1,1,1,3,1,1,5,1,0,0,1,1,3,3,7,5,2,5,7,5,7,5,4,1,3,1,1,93,72.5,18,138,33.08,9.51,2.88,7.19,2.56
682,Maestrale,5,1,0,1,5,5,3,5,7,1,1,1,5,5,3,1,1,5,1,0,0,1,5,3,3,7,5,2,5,7,5,7,5,4,1,3,1,1,98,62.15,17.65,140,34.21,9.54,2.97,7.18,2.65
683,RG C1/1/1/2,5,9,2,9,5,5,1,1,9,1,1,1,7,5,3,1,1,7,1,0,0,1,5,3,5,3,7,2,0,7,3,7,3,5,1,3,2,1,100,66.2,22.6,146,NA,10.01,2.47,7.62,2.12
685,Armida Cl,3,1,0,1,7,7,1,1,9,1,1,1,5,5,5,1,1,7,1,0,0,1,4,3,3,7,7,2,0,7,3,7,3,5,1,0,0,1,100,80,23,146,NA,9.83,2.67,7.83,2.36
687,Levante,5,1,0,1,5,3,1,3,5,1,1,1,1,1,3,1,1,5,1,0,0,3,1,3,3,7,5,2,5,5,5,5,5,2,1,3,1,1,91,63,17.05,137,27.13,7.53,3.35,5.45,2.94
688,Traiano Cl,5,1,0,1,5,5,3,3,5,1,1,1,1,1,5,1,1,5,1,0,0,5,1,3,3,9,7,2,0,3,5,3,5,2,1,0,0,1,89,73,18,146,NA,6.83,3.8,5.02,3.22
689,Penelope,7,9,3,9,5,5,3,5,5,1,7,7,9,5,5,1,9,5,1,0,0,5,6,3,3,9,5,6,5,7,5,7,5,3,9,3,2,3,92,86.85,18.85,136,27.72,8.61,3.47,6.5,2.73
690,Corsaro,7,9,2,9,5,5,3,5,7,1,1,1,7,5,5,1,1,5,1,0,0,7,6,3,3,9,5,3,7,7,7,7,7,2,7,1,1,1,95,75,18.5,145,42.94,9.57,4.28,6.82,3.49
691,Karbor,5,1,0,1,7,5,1,5,9,1,3,3,7,1,5,1,1,5,1,0,0,7,4,3,3,9,5,0,7,7,7,7,7,3,1,3,2,1,101,89,17,145,39.74,8.64,3.92,6.58,3.39
692,Precoce Gallina,5,1,0,1,7,3,3,5,5,1,1,1,1,1,0,1,1,0,1,0,0,3,1,3,5,9,3,2,5,5,5,5,5,2,1,3,0,1,87,NA,NA,135,30.61,8.01,3.43,5.89,2.97
693,Nano,7,1,0,1,3,7,1,1,9,1,1,1,1,1,1,1,1,5,1,0,0,5,1,1,1,3,9,2,3,3,5,3,5,1,1,3,0,1,108,45,18,162,21.37,5.78,3.67,4.1,3.13
694,Dellarolle,0,0,0,0,0,0,0,0,0,0,0,0,0,0,0,0,0,0,0,0,0,0,0,0,0,0,0,0,0,0,0,0,0,0,0,0,0,0,NA,NA,NA,NA,NA,NA,NA,NA,NA
695,Marjal,5,1,0,1,5,7,3,5,7,1,1,1,1,1,5,1,1,5,1,0,0,1,1,3,3,7,9,2,5,5,5,5,5,3,1,3,0,0,98,87,17,162,30.3,7.96,3.37,6.08,2.98
696,Leda,5,1,0,1,3,5,3,5,7,1,1,1,1,1,7,1,1,5,1,0,0,5,1,3,3,5,9,2,5,5,5,5,5,3,1,3,0,0,95,94,16,165,27.78,7.82,3.3,5.98,2.9
697,Mareny,5,1,0,1,3,5,3,5,7,1,1,1,1,1,7,1,1,5,1,0,0,5,1,2,1,5,9,2,5,5,5,5,5,3,1,3,0,0,98,95,15,160,28.22,7.92,3.3,5.96,2.96
698,Adriano,0,0,0,0,0,0,0,0,0,0,0,0,0,0,0,0,0,0,0,0,0,0,0,0,0,0,0,0,0,0,0,0,0,0,0,0,0,0,NA,NA,NA,NA,NA,NA,NA,NA,NA
699,PVL01,3,1,0,1,7,5,3,3,9,1,1,1,5,1,3,1,1,5,1,0,0,1,6,3,5,5,7,2,3,7,3,7,3,5,1,3,2,1,111,62,19,155,22.97,9.33,2.28,7.42,2.03
700,IDR 15/38,3,9,2,9,7,5,1,3,9,1,5,5,7,5,9,9,1,5,9,4,5,5,3,3,3,9,7,0,0,7,5,7,5,4,6,0,0,0,102,NA,NA,150,NA,10.99,3.53,8.12,2.91
701,TREBON,5,1,0,1,5,5,1,1,7,1,1,1,1,1,3,1,1,5,1,0,0,3,1,3,3,9,5,2,5,7,3,7,3,5,1,3,0,1,100,74,17,140,29,10.2,2.65,8.04,2.29
702,Dellarole,5,1,0,1,7,3,3,5,7,1,1,1,1,1,7,1,1,7,1,0,0,3,1,3,5,9,7,2,7,5,5,5,5,3,1,3,0,1,96,96,21,155,35.21,8.32,3.76,6.17,3.22
703,Chinese ostiglia,5,9,2,9,7,3,3,3,9,1,1,1,1,1,9,9,1,7,9,5,9,7,1,3,3,9,5,2,7,7,6,7,7,3,1,3,0,1,100,116,21,144,37.3,9.24,3.71,6.94,3.17
704,PVL136-IT,5,9,2,1,7,3,1,3,5,1,1,1,5,4,3,1,1,5,1,0,0,3,5,3,5,7,3,2,5,7,3,7,3,5,1,3,1,1,91,65,20.9,135,26.86,9.52,2.64,7.71,2.38
705,ECCO 975FP,5,9,2,1,7,3,3,3,7,1,1,1,7,5,5,1,1,7,1,0,0,3,5,3,5,7,7,2,5,7,3,7,3,5,1,3,1,1,95,84,25,150,27.33,9.26,2.77,7.18,2.35
706,SJKT,5,1,0,1,5,3,1,3,7,1,1,1,1,1,3,1,1,5,1,0,0,3,1,3,3,9,3,2,3,5,5,5,5,3,1,3,1,1,94,61,17,135,22.2,7.86,2.98,5.97,2.51
707,DUILIO,5,1,0,1,5,5,1,3,5,1,1,1,7,5,3,1,1,5,1,0,0,3,5,3,3,9,5,2,5,7,5,7,5,3,1,3,1,1,85,63.5,16.5,140,33.11,8.58,3.2,6.58,2.77
708,COLONNELLO,5,1,0,1,7,5,3,3,7,1,1,1,1,1,5,1,1,5,1,0,0,1,1,3,3,9,7,2,7,7,7,7,7,3,1,3,1,1,93,80.67,16,150,46.09,9.29,3.88,7.08,3.46
709,MASSIMO,5,1,0,1,7,3,3,5,5,1,1,1,1,1,7,1,1,5,9,5,3,5,1,3,5,9,5,2,7,7,7,7,7,3,1,3,1,1,90,99.5,14.5,140,53.86,10.08,4.16,7.43,3.69
710,OMEGA CL,5,1,0,1,5,5,3,3,3,1,1,3,9,5,3,1,1,5,1,0,0,3,5,3,3,7,5,2,5,5,7,5,7,2,1,3,1,1,83,63.5,16,140,33.55,7.52,3.76,5.69,3.28
711,CL18,5,1,0,1,5,5,3,3,5,1,1,1,1,1,3,1,1,5,1,0,0,5,1,2,3,9,5,2,5,3,5,3,5,2,1,3,1,1,85,61,15.79,140,26.16,7.1,3.51,5.27,3
712,Golia,5,1,0,1,5,5,3,5,3,1,1,1,1,1,1,1,1,5,1,0,0,1,1,3,5,7,3,3,3,5,3,5,3,4,9,3,1,1,83,59,19.5,135,22.24,8.24,2.84,6.03,2.35
713,ROSSO ROSETTA,5,1,0,1,7,5,3,7,9,1,1,1,1,1,7,1,1,7,1,0,0,5,1,3,5,9,7,2,5,7,3,7,3,5,6,0,0,0,105,94,27,145,32.56,11.79,2.65,8.43,2.22
714,BORANDOTTO,5,1,0,1,5,5,3,3,9,1,1,1,1,1,3,1,1,7,1,0,0,5,1,3,3,9,7,2,5,7,5,7,5,3,1,3,1,1,99,65,20,150,34.3,8.99,3.24,6.62,2.85
715,KIKKO,5,1,0,1,7,5,3,3,7,1,1,1,1,1,3,1,1,5,1,0,0,5,1,3,3,9,5,2,5,7,5,7,5,3,1,3,1,1,97,69,19,140,30.8,8.77,3.26,6.61,2.76
716,Solitario,3,1,0,1,7,5,3,5,9,1,1,1,1,1,5,1,1,7,1,0,0,3,1,3,3,9,7,2,5,7,3,7,3,5,6,3,1,3,104,79,22,150,27.1,9.33,2.71,7.06,2.31
717,GIOIELLO,7,9,4,9,7,5,3,5,9,1,7,7,9,5,5,1,9,7,1,0,0,3,6,3,5,9,7,6,3,5,5,5,5,3,9,3,1,3,100,86,24,145,22.13,8.2,3.31,5.98,2.54
718,ECLISSE,5,1,0,1,7,3,3,5,9,1,1,1,1,1,3,1,1,5,9,2,5,5,1,3,3,9,5,3,5,7,5,7,5,3,9,3,1,3,100,66,16,145,30.5,8.98,3.39,6.47,2.68
719,MAMBO,5,1,0,1,7,7,3,3,7,1,1,1,3,1,3,1,1,5,1,0,0,1,4,3,5,7,5,3,5,7,3,7,3,5,9,0,0,0,98,65,19,140,29.78,11.54,2.66,8.2,2.19
720,DELICIA,5,1,0,1,7,5,3,3,7,1,1,1,1,1,3,1,1,5,1,0,0,1,1,3,3,9,7,2,7,7,5,7,7,3,1,3,0,1,94,68,18,145,44.03,8.97,3.66,6.71,3.18
721,PACO,5,1,0,1,7,5,3,3,7,1,1,1,1,1,3,1,1,5,1,0,0,1,1,2,3,9,5,2,5,7,5,7,5,3,1,3,0,1,92,64,17,137,31,8.79,3.11,6.62,2.69
722,BOMBOM,5,1,0,1,7,5,3,3,9,1,1,1,9,5,9,1,1,7,1,0,0,5,6,3,3,9,7,2,5,3,7,3,7,2,1,3,0,1,114,119,25,155,31.4,7.35,3.92,5.37,3.24
723,TOLL,5,1,0,1,5,3,3,5,9,1,1,1,5,5,3,1,1,5,1,0,0,1,5,3,5,5,7,2,5,7,3,7,3,5,1,3,0,1,106,69,19,145,28.5,9.86,2.52,7.87,2.22
724,TURBO,0,0,0,0,0,0,0,0,0,0,0,0,0,0,0,0,0,0,0,0,0,0,0,0,0,0,0,0,0,0,0,0,0,0,0,0,0,0,NA,NA,NA,NA,NA,NA,NA,NA,NA
725,MELAS,5,1,0,1,7,5,3,3,7,1,1,1,1,1,5,1,1,5,1,0,0,3,1,1,3,9,7,2,3,7,3,7,3,5,1,0,0,0,95,87,17,150,22.43,8.99,2.8,7.04,2.35
726,SYN-RI-NRXaR1007,5,1,0,1,5,3,1,1,9,1,1,1,1,1,3,1,1,7,1,0,0,3,1,3,3,5,9,2,5,7,5,7,5,4,1,2,1,1,116,74,25,160,31.8,9.11,3.02,6.89,2.56
727,SYN-RI-NA-9531,5,1,0,1,7,3,1,1,9,3,1,1,1,1,1,1,1,7,9,2,3,3,1,2,5,3,0,2,0,0,0,0,0,0,1,3,2,1,116,43,20,NA,NA,NA,NA,NA,NA
728,RTF11,5,9,2,1,5,3,1,1,9,3,1,1,7,5,3,1,1,7,1,0,0,5,6,2,5,1,0,2,0,0,0,0,0,0,1,2,1,1,110,70,22,NA,NA,NA,NA,NA,NA
729,RTM22,5,9,2,9,7,5,3,3,9,1,1,1,7,1,3,1,1,5,1,0,0,1,5,2,1,5,7,2,3,7,3,7,3,5,1,3,1,1,103,63,19,147,24.9,8.67,2.6,6.96,2.32
730,RTM21,5,1,0,1,7,5,3,3,9,1,1,1,7,1,3,1,1,7,1,0,0,1,5,3,5,5,7,2,3,7,3,7,3,5,1,3,1,1,104,67,22,151,22.7,9.15,2.38,7.41,2.19
731,SYN-RI-NB-9531,5,1,0,1,5,3,1,1,9,1,1,1,1,1,3,1,1,7,9,2,3,3,1,3,5,5,7,2,3,5,3,5,3,4,1,3,2,1,113,64,22,150,24.5,8.43,2.69,6.14,2.33
732,RG300,5,1,0,1,7,5,1,3,7,1,5,7,9,5,5,1,9,7,1,0,0,5,6,3,3,9,5,6,7,7,7,7,7,3,1,3,1,3,96,80.8,20.77,145,41.8,9.42,4.04,7,3.4
733,NEMO,7,9,2,9,5,5,3,5,5,1,1,1,9,5,3,9,1,5,1,0,0,3,5,3,3,9,5,2,7,7,7,7,7,3,1,3,1,1,90,71,19,135,48.03,10.35,3.74,7.65,3.18
734,LUSITANO,5,1,0,1,7,5,1,3,5,1,1,1,1,1,3,1,1,7,9,2,1,1,1,3,3,9,5,2,7,7,5,7,5,4,1,3,1,1,89,70,20.5,142,38.95,9.7,3.2,7.45,2.87
735,SYN 049,5,1,0,1,7,5,1,1,9,1,1,1,1,1,5,1,1,7,9,2,3,3,1,3,5,3,9,2,5,5,5,5,5,3,1,3,1,1,115,77.5,25.5,170,26.18,8.37,2.9,6.25,2.52
736,CLM-2,0,0,0,1,0,0,0,0,6,0,0,0,0,0,8,0,0,0,1,0,0,0,0,0,0,0,0,0,0,0,0,7,0,5,1,0,0,0,NA,NA,NA,NA,NA,NA,NA,NA,NA
737,CLM-1,0,0,0,1,0,0,0,0,4,0,0,0,0,0,8,0,0,0,1,0,0,0,0,0,0,0,0,0,0,0,0,7,0,5,1,0,0,0,NA,NA,NA,NA,NA,NA,NA,NA,NA
738,SJKK,5,1,0,1,5,5,1,1,9,1,1,1,1,1,3,1,1,5,9,2,3,1,1,3,5,7,5,2,3,7,3,7,3,5,1,3,2,1,105,64.5,18.5,143,23.85,9.21,2.44,7.2,2.16
739,EVEREST,5,1,0,1,5,3,3,3,7,1,1,1,5,1,5,1,1,7,1,0,0,3,4,3,3,7,7,2,5,7,3,7,3,5,1,3,2,1,98,82,22,146,28.15,10.49,2.35,8.64,2.02
740,ECCO 977FP,5,9,2,1,7,3,3,3,7,1,1,1,7,5,7,1,1,7,1,0,0,3,5,3,5,7,7,2,5,7,3,7,3,5,1,3,1,1,96,89.63,25,155,26.74,9.18,2.68,7.2,2.36
741,ANSAR,5,1,0,1,7,3,1,3,9,1,1,1,7,5,5,1,1,5,1,0,0,1,5,2,3,7,5,2,5,7,3,7,3,5,1,3,0,1,103,79,18,140,27.5,9.14,2.69,7.11,2.39
742,ARODELTA,5,1,0,1,7,3,5,5,9,1,1,1,7,5,3,1,1,7,1,0,0,3,5,3,3,7,7,2,5,7,3,7,3,5,1,3,0,1,103,74,24,150,26.4,9.09,2.57,6.9,2.24
748,Carogran,5,1,0,1,7,5,3,5,7,1,1,1,1,1,5,1,1,5,1,0,0,5,1,3,3,9,7,2,7,7,5,7,5,4,1,3,0,1,100,71,19,150,36.4,9.68,3.25,7.34,2.75
744,COPSEMAR-7,5,1,0,1,3,5,1,3,7,1,1,1,1,1,3,1,1,5,1,0,0,1,1,2,3,9,7,2,7,5,7,5,7,2,1,3,0,1,92,51,14,146,38.3,7.93,3.97,5.91,3.41
745,OLESA,5,1,0,1,5,3,3,5,7,1,1,1,3,1,1,1,1,5,1,0,0,1,1,3,3,9,3,2,5,7,3,7,3,5,1,3,0,1,92,55,18,130,26,9.28,2.46,7.24,2.17
746,POTENCIA,5,1,0,1,5,5,1,3,7,1,1,1,1,1,3,1,1,5,1,0,0,1,1,3,3,9,5,2,7,7,5,7,7,3,1,3,0,1,93,62,18,140,43.3,9.17,3.62,7.04,3.12
747,Virgilio,5,1,0,1,7,5,3,3,7,1,1,1,1,1,3,1,1,5,1,0,0,9,1,3,3,9,7,2,7,7,7,7,7,3,1,3,1,1,94,64.5,18.5,150,43.98,9.59,3.71,7.28,3.23
749,Jemma,5,1,0,1,7,5,3,3,7,1,1,1,1,1,3,1,1,7,1,0,0,1,1,3,5,9,5,3,5,7,3,7,5,4,9,3,1,3,92,69,22,137,31.57,9.54,2.5,7.06,2.78
750,Bruma,5,9,2,9,7,5,1,1,9,1,1,1,5,1,5,1,1,7,1,0,0,1,5,2,3,9,7,2,5,7,5,7,5,3,1,0,0,0,101,82,20,149,28.08,8.54,3.17,6.65,2.73
751,Marismilla,5,1,0,1,5,5,1,3,5,1,1,1,1,1,3,1,1,5,1,0,0,5,1,3,3,7,7,2,7,7,5,7,5,4,1,0,0,0,90,60,19,150,44.8,10.03,3.5,7.78,3.05
752,Castigliano,5,1,0,1,7,5,3,5,5,1,1,1,1,1,3,1,1,5,9,2,3,1,1,3,3,9,5,2,5,5,7,5,7,2,1,3,1,1,85,64.5,17.5,145,32.68,7.74,3.76,5.7,3.28
753,4Ri15/20,5,1,0,1,5,5,3,5,0,1,1,1,1,1,0,1,1,0,1,0,0,3,1,3,3,9,0,0,0,0,0,0,0,2,1,0,0,0,NA,NA,NA,NA,NA,NA,NA,NA,NA
754,Capo,5,1,0,1,3,5,1,3,5,1,1,1,1,1,1,1,1,3,1,0,0,5,1,2,1,7,5,2,5,3,5,3,5,2,1,3,1,1,89,53.4,14.7,143,25.3,6.97,3.48,5.13,3.04
755,Tesla,5,1,0,1,5,5,3,3,5,1,1,1,1,1,3,1,1,5,1,0,0,5,1,3,3,9,3,2,5,7,5,7,5,3,1,3,1,1,84,64,16.5,128,31.1,8.7,3.33,6.51,2.86
756,SA1905,5,1,0,1,5,7,3,5,0,1,1,1,1,1,0,1,1,0,1,0,0,7,1,3,3,9,0,0,0,0,0,0,0,0,1,0,0,0,NA,NA,NA,NA,NA,NA,NA,NA,NA
757,SA1904,5,1,0,1,7,5,3,3,4,1,1,1,5,5,0,1,1,0,1,0,0,1,5,3,3,7,0,0,0,0,0,0,0,0,1,0,0,0,NA,NA,NA,NA,NA,NA,NA,NA,NA
758,RG 13712/1/1/1,5,1,0,1,7,5,1,3,0,1,1,1,9,5,0,1,1,0,1,0,0,3,5,3,5,5,0,2,0,0,0,0,0,5,6,3,0,3,NA,NA,NA,NA,NA,NA,NA,NA,NA
759,Nerone 2,5,1,0,1,5,5,1,3,3,1,1,1,1,4,3,1,1,5,1,0,0,3,1,3,5,9,3,3,5,7,5,7,5,3,9,3,1,3,81,61,18.5,133,29,8.62,3.46,6.4,2.85
760,GAIA EG,5,1,0,1,7,5,1,1,5,1,1,1,1,1,3,1,1,7,1,0,0,1,1,2,3,7,5,2,7,7,5,7,5,5,1,3,2,1,91,66,22,140,37.19,10.92,2.95,8.25,2.58
761,Andromeda CL,5,1,0,1,5,3,5,5,5,1,1,1,1,1,3,1,1,5,1,0,0,1,1,3,3,9,3,2,5,7,3,7,3,5,1,3,2,1,84,60,18,135,27.32,9.59,2.56,7.61,2.31
762,RTF13,5,9,2,1,5,3,1,1,9,3,1,1,7,5,1,1,1,5,1,0,0,1,5,1,3,3,0,2,0,0,0,0,0,0,0,0,0,0,NA,NA,NA,NA,NA,NA,NA,NA,NA
763,RTM25,7,1,0,1,5,3,3,3,7,1,1,1,1,1,3,1,1,5,1,0,0,1,1,3,5,5,5,2,5,5,5,5,5,3,1,1,1,1,96,65,19,137,26.36,7.92,3.11,8.18,2.71
764,RTM23,7,9,2,1,5,3,3,3,9,1,1,1,5,1,3,1,1,5,1,0,0,1,5,2,1,5,7,2,5,7,3,7,3,4,1,3,1,1,100,61,19,150,26.84,8.86,2.63,7.08,2.37
765,BSIN19,5,1,0,1,7,5,3,7,5,1,1,1,3,1,5,1,1,5,1,0,0,1,4,3,5,5,3,2,5,7,3,7,3,5,1,3,2,1,85,72.5,19,130,27.46,9.98,2.52,7.72,2.21
766,ECCO 951FP,7,9,2,9,5,5,3,3,5,1,1,1,7,5,3,1,1,7,1,0,0,1,5,3,5,9,3,2,5,7,3,7,3,4,1,3,1,1,89,64,23.5,132,27.23,9.12,2.71,6.98,2.37
767,ECCO 985FP,5,9,2,1,5,5,1,1,9,1,1,1,7,5,5,1,1,7,1,0,0,3,3,3,5,5,7,2,3,7,3,7,3,4,1,3,2,1,98,79,24.5,150,24,8.74,2.67,6.66,2.36
768,SA1906,5,1,0,1,7,3,5,5,0,1,1,1,5,4,0,1,1,0,1,0,0,1,3,3,5,9,0,0,0,0,0,0,0,0,1,0,0,3,NA,NA,NA,NA,NA,NA,NA,NA,NA
769,Ardente EG,5,1,0,1,7,5,1,3,5,1,1,1,1,1,3,1,1,7,1,0,0,5,1,3,3,9,7,3,5,7,5,7,5,3,6,3,1,1,91,72,22.5,150,28.95,9.18,3.69,6.59,2.96
770,Caroly,5,1,0,1,5,5,3,3,9,1,3,5,7,1,5,1,1,7,9,2,3,3,4,3,5,9,7,3,7,7,7,7,7,3,1,3,2,1,104,82.2,20.5,150,41.8,10.01,3.87,7.35,3.28
771,Narciso EG,5,1,0,1,5,5,1,3,7,1,1,1,1,1,5,1,1,5,9,3,5,5,1,2,3,9,5,2,7,7,5,7,5,4,1,3,2,1,93,72,19,145,36.81,9.91,3.36,7.7,2.91
772,Velox,5,1,0,1,5,5,3,3,3,1,1,1,1,1,3,1,1,5,1,0,0,1,1,3,3,9,3,2,7,7,5,7,5,3,1,3,1,1,82,64,18,130,35,9.09,3.3,7.06,2.88
773,ECCO 365,7,1,0,1,7,5,1,1,7,1,1,1,1,1,5,1,1,7,1,0,0,3,1,3,5,7,7,2,5,5,5,5,5,3,1,3,1,1,94,76.5,23.5,148,27.8,8.07,3.16,6.11,2.77
774,G2215,5,1,0,1,5,5,3,3,5,1,1,1,3,1,1,1,1,5,1,0,0,3,4,3,3,5,7,2,7,7,5,7,5,4,1,3,1,1,90,55,18,155,39.18,9.99,3.26,7.58,2.84
775,BST1,5,1,0,1,3,3,1,1,5,1,1,1,1,1,1,1,1,3,1,0,0,5,1,2,3,9,3,2,5,5,5,5,7,2,1,3,1,1,85,57,14,135,30.21,7.69,3.62,5.71,3.13
776,Dario CL,5,1,0,1,5,3,1,3,5,1,1,1,1,1,5,1,1,5,1,0,0,3,1,2,1,9,5,2,3,3,5,3,5,2,1,3,1,1,93,76,14.65,140,23.6,6.73,3.34,4.99,2.91
777,BST2,5,1,0,1,7,5,5,5,3,1,1,1,1,1,3,1,1,5,9,2,3,5,1,3,3,9,3,2,5,5,7,5,7,2,1,3,1,1,83,63,16,135,29.83,7.5,3.74,5.54,3.19
778,SA1902,3,1,0,1,5,3,1,1,0,1,1,1,1,1,0,1,1,0,1,0,0,3,1,2,1,9,0,0,0,0,0,0,0,2,1,0,0,0,NA,NA,NA,NA,NA,NA,NA,NA,NA
779,Misaki,5,1,0,1,5,3,1,1,7,1,1,1,1,1,3,1,1,5,1,0,0,5,1,3,5,9,5,2,3,3,5,3,5,2,1,3,1,1,95,62.8,20.2,140,24.4,7.13,3.4,5.23,2.95
780,Edison,5,1,0,1,5,3,1,3,5,1,1,1,1,1,3,1,1,5,1,0,0,5,1,2,3,9,5,2,3,3,5,3,5,2,1,3,1,1,91,65,15,138,24,6.88,3.28,5.13,2.85
781,Yari,5,1,0,1,5,3,1,1,5,1,1,1,1,1,3,1,1,5,1,0,0,3,1,2,5,5,5,2,5,3,5,3,5,2,1,3,1,1,90,59.5,16,145,26.22,7.12,3.46,5.13,3.02
782,Sucro CL,5,1,0,1,3,5,3,3,5,1,1,1,1,1,1,1,1,3,1,0,0,5,1,2,3,5,5,2,7,5,7,5,7,2,1,3,1,1,83,55,13,140,36.76,7.9,4.02,6,3.39
783,Regina,5,1,0,1,3,5,3,3,5,1,1,1,1,1,1,1,1,5,1,0,0,5,1,3,3,9,5,2,7,5,5,5,5,2,1,0,0,0,85,57,16,145,36.1,8.5,3.8,6.3,3.2
784,prova,0,0,0,0,0,0,0,0,0,0,0,0,0,0,0,0,0,0,0,0,0,0,0,0,0,0,0,0,0,0,0,0,0,0,0,0,0,0,NA,NA,NA,NA,NA,NA,NA,NA,NA
785,CL122HP,7,9,2,9,7,3,1,1,7,1,1,1,7,5,1,1,1,5,1,0,0,1,5,3,3,3,5,2,5,7,3,7,3,5,2,3,1,1,98,56,20.7,143,27.28,9.65,2.64,7.43,2.28
786,CL125HP,5,9,2,1,7,5,1,1,7,3,1,1,7,5,1,1,1,7,1,0,0,3,5,3,3,3,5,2,3,7,3,7,3,5,1,3,1,1,92,58.58,21.8,140,23.1,9.26,2.58,6.94,2.17
787,VN28(11)BC14F29F02,5,9,2,1,7,5,3,5,0,1,5,5,7,5,0,1,9,0,1,0,0,5,5,0,0,0,0,0,0,0,0,0,0,2,1,3,1,1,0,0,0,0,0,0,0,0,0
789,IRES 1117,5,1,0,1,7,5,3,3,5,1,1,1,1,1,7,1,1,7,1,0,0,5,1,3,3,9,7,2,7,7,7,7,7,2,1,3,1,1,88,90,22,156,45.5,9.71,4.15,6.91,3.55
790,IRES 1172,5,1,0,1,7,7,1,3,5,1,1,1,7,1,5,1,1,7,1,0,0,5,4,3,3,9,7,3,7,7,7,7,7,3,1,3,1,1,92,85,26,157,42,10.35,4.2,7.62,3.49
791,MZA7,7,1,0,1,3,3,3,5,5,1,1,1,3,1,3,1,1,7,1,0,0,3,4,3,3,5,7,2,5,7,5,7,5,4,1,3,1,1,88,64,21,147,31.62,9.85,3.21,7.42,2.73
792,MZA6,0,0,0,1,0,0,0,0,4,0,0,0,0,0,1,0,0,0,1,0,0,0,0,0,0,0,0,0,0,0,0,7,0,4,1,0,0,1,NA,NA,NA,NA,NA,NA,NA,NA,NA
793,CL007,5,1,0,1,5,5,3,5,7,1,1,1,1,1,3,1,1,5,9,2,3,7,1,3,3,9,7,2,7,7,5,7,5,4,1,3,1,1,94,67,17,150,36.58,9.48,3.22,7.05,2.78
794,PV226,0,0,0,1,0,0,0,0,4,0,0,0,0,0,5,0,0,0,1,0,0,0,0,0,0,0,0,0,0,0,0,6,0,3,1,0,0,1,NA,NA,NA,NA,NA,NA,NA,NA,NA
795,PV234,0,0,0,1,0,0,0,0,6,0,0,0,0,0,5,0,0,0,1,0,0,0,0,0,0,0,0,0,0,0,0,6,0,3,1,0,0,1,NA,NA,NA,NA,NA,NA,NA,NA,NA
796,MZA10,0,0,0,1,0,0,0,0,4,0,0,0,0,0,1,0,0,0,1,0,0,0,0,0,0,0,0,0,0,0,0,3,0,1,1,0,0,1,NA,NA,NA,NA,NA,NA,NA,NA,NA
797,RG 23913/1/2/2,5,1,0,1,5,3,3,5,7,1,1,1,1,1,3,1,1,5,1,0,0,3,1,3,5,9,7,2,5,5,5,3,5,2,1,3,1,1,91,69,17.63,150,26.44,7.23,3.2,5.3,2.87
798,MZA9,0,0,0,1,0,0,0,0,3,0,0,0,0,0,1,0,0,0,1,0,0,0,0,0,0,0,0,0,0,0,0,3,0,1,1,0,0,1,NA,NA,NA,NA,NA,NA,NA,NA,NA
799,MZA2,0,0,0,1,0,0,0,0,4,0,0,0,0,0,1,0,0,0,1,0,0,0,0,0,0,0,0,0,0,0,0,6,0,3,1,0,0,1,NA,NA,NA,NA,NA,NA,NA,NA,NA
800,MZA4,0,0,0,1,0,0,0,0,5,0,0,0,0,0,4,0,0,0,9,0,0,0,0,0,0,0,0,0,0,0,0,7,0,4,1,0,0,1,NA,NA,NA,NA,NA,NA,NA,NA,NA
801,MZA8,0,0,0,1,0,0,0,0,5,0,0,0,0,0,4,0,0,0,9,0,0,0,0,0,0,0,0,0,0,0,0,7,0,4,1,0,0,1,NA,NA,NA,NA,NA,NA,NA,NA,NA
802,MZA3,0,0,0,1,0,0,0,0,4,0,0,0,0,0,3,0,0,0,1,0,0,0,0,0,0,0,0,0,0,0,0,6,0,3,1,0,0,1,NA,NA,NA,NA,NA,NA,NA,NA,NA
803,Cartesio,3,1,0,1,7,7,3,3,5,1,1,1,5,1,5,1,1,7,1,0,0,5,4,3,5,7,5,4,7,7,7,7,7,3,1,3,2,1,88,77,22,145,43.16,10.1,3.94,7.68,3.35
804,Volta,5,1,0,1,7,3,1,3,5,1,1,1,1,1,3,1,1,5,1,0,0,5,1,3,3,9,5,2,7,7,7,7,7,3,1,3,1,1,88,74,20,144,48.68,9.87,4.38,7.51,3.62
805,VN25(24)BC8F17,5,9,2,1,7,5,3,5,0,1,1,1,7,5,0,1,9,0,1,0,0,3,5,3,5,9,0,0,0,0,0,0,0,2,0,0,0,1,90,106,21,163,NA,7.95,4.16,5.93,3.55
806,ALEGRE,5,1,0,1,5,5,1,3,5,1,1,1,5,5,3,1,1,7,1,0,0,5,5,3,5,9,7,2,5,5,5,5,5,2,6,3,0,0,89,69.2,21,150,33,8.42,3.76,6.2,3.17
807,BRINCA,5,1,0,1,7,5,3,3,5,1,1,1,7,1,5,1,1,7,1,0,0,1,5,3,3,7,3,2,5,7,3,7,3,5,1,3,2,1,88,79,21.6,130,31.6,10.4,2.68,8.03,2.34
808,Copsemar 9,5,1,0,1,5,5,3,3,5,1,1,1,1,1,3,1,1,5,1,0,0,7,1,3,5,9,3,2,7,7,7,7,7,2,1,3,2,1,85,71.3,17,130,35.6,8.5,3.99,6.3,3.37
809,Copsemar 8,5,1,0,1,5,5,3,3,7,1,1,1,9,5,7,1,1,5,1,0,0,1,5,3,3,5,7,2,7,7,7,7,7,3,1,0,0,0,94,91,16.7,150,38.5,8.86,3.65,6.78,3.18
810,MOLETA,5,1,0,1,5,5,1,3,5,1,1,1,7,5,3,1,1,5,1,0,0,1,5,3,3,7,3,2,5,7,3,7,3,5,1,3,2,1,88,63.7,17,130,28.4,10.2,2.67,7.96,2.34
811,Sol,7,1,0,1,5,5,3,3,9,1,1,1,1,1,3,1,9,5,1,0,0,1,1,2,1,7,9,3,5,5,5,5,5,2,1,0,0,0,105,62,19,160,30.4,8.05,3.67,5.92,3.15
812,Ceres,5,1,0,1,5,5,5,5,5,1,1,1,1,1,3,1,1,5,1,0,0,5,1,3,5,9,3,2,7,7,5,7,5,4,1,0,0,0,86,66,18.6,135,38,9.63,3.47,7.44,2.96
813,Macarico,5,1,0,1,5,3,1,1,7,1,1,1,1,1,3,1,1,5,1,0,0,1,1,3,5,5,7,2,3,7,3,7,3,5,1,3,0,0,96,60.5,20,150,22.4,9.09,2.52,6.61,2.17
814,Grifone,5,1,0,1,7,5,5,7,5,1,1,1,1,1,0,1,1,0,1,0,0,5,1,3,5,9,0,2,7,7,7,7,7,3,1,3,1,1,85,NA,NA,NA,45.62,9.48,4.01,7.15,3.46
815,Irene,3,1,0,1,7,5,3,5,3,1,1,1,1,1,5,1,1,5,1,0,0,5,1,3,5,9,3,2,5,7,5,7,5,4,1,3,1,1,75,70,20,135,29,8.86,3.06,6.85,2.59
819,Isabela,3,1,0,1,7,5,3,5,7,1,1,1,1,1,3,1,1,5,1,0,0,1,1,3,3,9,5,2,7,7,7,7,7,2,1,3,1,1,92,69,18,140,48,9,4.16,6.97,3.63
817,Vampair,5,1,0,1,5,5,3,3,7,1,1,1,1,1,3,1,1,7,1,0,0,1,1,3,3,9,7,2,5,5,3,5,3,4,6,3,0,0,95,68,22,155,25.24,8.36,2.75,6.48,2.44
818,DIANA (Portogallo),5,1,0,1,5,7,1,3,7,1,1,1,1,1,7,1,1,5,1,0,0,7,1,3,5,7,7,2,5,7,5,7,5,4,1,3,0,0,94,96,16.8,150,30.5,9.93,3.04,7.5,2.57
820,Jolly nero,7,1,0,1,7,3,3,7,5,1,1,1,1,1,5,1,1,7,1,0,0,1,1,3,5,7,3,3,5,7,3,7,3,5,9,3,1,3,91,84.5,22.75,130,26.27,11.44,2.71,8.2,2.14
821,Pascal,5,1,0,1,7,5,3,3,5,1,1,1,1,1,3,1,1,5,1,0,0,1,1,3,5,7,5,2,7,7,7,7,7,3,1,3,1,1,88,65.3,19.6,140,42.65,9.65,3.77,7.34,3.28
822,4RI16/167,0,1,0,1,5,5,3,3,0,1,1,3,5,1,0,1,1,0,1,0,0,5,4,2,1,9,0,5,0,0,0,0,0,2,1,3,2,1,0,0,0,0,0,0,0,0,0
823,LASJKK20,5,1,0,1,5,5,3,3,5,1,1,1,1,1,5,1,1,5,9,5,5,3,5,3,3,7,5,2,7,7,7,7,7,3,1,3,1,1,90,77,17.4,145,49.4,9.8,4.09,7.49,3.54
824,PV 03-IT,5,1,0,1,7,5,3,3,5,1,1,1,5,5,3,1,1,5,1,0,0,3,5,3,3,7,3,2,5,7,3,7,3,5,1,3,2,1,90,61,19.3,130,26.8,9.35,2.45,7.4,2.14
825,PV 23-IT,5,1,0,1,5,3,3,3,7,1,1,1,7,5,1,1,1,5,1,0,0,1,5,3,3,3,3,2,5,7,3,7,3,5,1,3,2,1,93,58,19.7,132,28.6,10.61,2.4,8.35,2.09
826,PV 221 IT,5,1,0,1,5,3,3,3,8,1,1,1,5,4,3,1,1,5,1,0,0,1,5,3,3,7,3,2,5,7,3,7,3,5,1,3,2,1,98,68.9,18.81,135,30.62,10.16,2.63,8.05,2.31
827,Naomi,7,1,0,1,7,5,1,3,5,1,1,1,1,1,3,1,1,7,1,0,0,5,1,3,5,7,5,3,5,7,5,7,5,3,9,3,1,1,87,61.81,20.55,140,25.79,8.78,3.6,6.35,2.85
828,Zuanshi,5,1,0,1,5,5,1,3,7,1,1,1,1,1,1,1,1,5,9,2,5,1,1,2,1,5,7,2,5,7,5,7,5,3,1,3,1,1,96,57.61,15.39,146,34.2,9.24,3.32,7.07,2.92
829,CL712GL,3,1,0,1,5,7,3,5,7,1,1,1,1,1,5,1,1,7,9,1,1,1,1,3,5,9,7,2,7,7,7,7,7,3,1,3,1,1,92,80,24,147,41.69,10.31,3.94,7.89,3.39
830,CL712V,3,1,0,1,5,7,3,3,7,1,1,1,1,1,5,1,1,7,1,0,0,5,1,3,3,9,7,2,7,7,7,7,7,4,1,3,1,1,92,82,21,156,38.21,10.38,3.67,8,3.13
831,MZ105,5,1,0,1,7,5,3,3,5,1,1,1,1,1,3,1,1,7,1,0,0,5,1,3,3,5,7,2,7,7,7,7,7,3,1,3,1,1,90,67,21,158,42,10.18,3.64,7.74,3.11
832,MZ181,7,9,2,9,7,5,3,5,7,1,3,5,9,5,7,9,9,7,1,0,0,7,5,3,3,9,7,5,7,7,7,7,7,3,1,3,1,1,93,90,20,157,40,9.66,4.22,7.21,3.58
833,Billy,7,1,0,1,7,5,3,3,5,1,1,1,1,1,3,1,1,5,9,3,5,1,1,3,3,9,5,2,5,7,5,7,5,3,1,3,1,1,90,70.86,18.9,145,31.31,8.8,3.17,6.57,2.78
834,Celtiko,5,1,0,1,7,5,5,7,3,1,1,1,7,5,3,1,1,7,1,0,0,3,5,3,5,7,3,2,7,7,5,7,5,3,1,3,1,1,80,64.44,20.46,135,37,9.13,3.58,6.81,3.09
835,Chirone,5,1,0,1,3,5,1,3,5,1,1,1,1,1,1,1,1,5,1,0,0,1,1,2,3,7,5,2,3,3,5,3,5,2,1,3,1,1,85,58.4,16.25,140,24.36,6.63,3.33,4.9,2.9
836,Circe,5,9,2,9,5,5,3,3,5,1,1,3,7,1,1,1,1,5,9,2,3,3,3,3,3,5,1,3,7,7,7,7,7,3,1,3,2,1,85,50.8,15.84,125,45.8,9.49,3.8,7.26,3.28
837,CL44,5,1,0,1,5,5,1,5,9,1,3,3,7,1,5,1,1,5,9,3,5,5,4,3,5,9,9,3,7,7,7,7,7,3,1,3,2,1,100,83.68,19.42,160,37.31,9.69,3.61,7.39,3.06
838,CL112,5,1,0,1,5,5,3,3,7,1,1,1,1,1,3,1,1,5,1,0,0,5,1,2,3,9,6,2,5,3,5,3,5,2,1,3,1,1,95,69,15.31,145,26.58,7.02,3.38,5.19,2.98
839,CL131 HP,7,9,2,1,7,3,1,1,9,1,1,1,5,1,1,1,1,7,1,0,0,1,5,3,3,3,9,2,3,7,3,7,3,5,2,3,1,1,120,52.67,25.42,170,23.04,9.05,2.58,6.94,2.22
840,CL145,5,1,0,1,5,5,3,0,7,1,1,1,9,1,3,1,1,5,1,0,0,5,6,3,3,5,7,2,7,7,5,7,5,3,1,3,1,1,95,68.66,17.19,160,38.88,9.19,3.61,6.95,3.06
841,Corsa,5,1,0,1,5,7,1,3,5,1,1,1,1,1,3,1,1,5,9,2,3,7,1,3,5,7,5,2,7,7,7,7,7,3,1,3,1,1,90,68.78,19.71,140,42.11,9.53,3.63,7.27,3.16
842,Formula PV,5,1,0,1,5,3,3,3,9,1,1,1,7,4,0,1,1,5,1,0,0,1,5,3,3,9,5,2,5,7,3,7,3,5,1,3,2,1,100,73,19.87,140,26.15,9.43,2.35,7.42,2.07
843,Sibilla,7,9,2,9,7,5,3,3,5,1,1,1,5,1,2,1,1,5,9,5,9,5,4,3,3,5,5,3,7,7,7,7,7,3,1,3,1,1,90,60.3,18.71,145,45.47,9.57,3.91,7.16,3.34
844,4ri16/128,0,1,0,1,3,5,1,3,0,1,1,1,1,1,0,1,1,0,1,0,0,3,1,2,5,9,0,0,0,0,0,0,0,0,0,3,1,1,NA,NA,NA,NA,NA,NA,NA,NA,NA
845,4ri16/170,0,1,0,1,3,5,1,3,0,1,1,1,1,1,0,1,1,0,9,2,3,5,1,2,3,9,0,0,0,0,0,0,0,0,0,3,1,1,NA,NA,NA,NA,NA,NA,NA,NA,NA
846,4ri17/164,7,9,3,9,3,3,1,5,0,1,1,1,9,5,0,1,1,0,1,0,0,5,5,3,3,9,0,0,0,0,0,0,0,0,0,3,1,1,NA,NA,NA,NA,NA,NA,NA,NA,NA
847,CL225 HP,7,1,0,1,5,3,1,1,0,1,1,1,1,1,0,1,1,0,9,2,3,5,1,3,3,5,0,0,0,0,0,0,0,0,0,3,1,1,NA,NA,NA,NA,NA,NA,NA,NA,NA
848,CL228 HP,7,9,2,9,7,3,1,1,0,1,1,1,7,1,0,1,1,0,1,0,0,3,4,3,3,3,0,0,0,0,0,0,0,0,0,3,1,1,NA,NA,NA,NA,NA,NA,NA,NA,NA
849,Diva PV,0,1,0,1,7,3,1,3,0,1,1,1,9,5,0,1,1,0,9,2,3,1,5,3,3,9,0,0,0,0,0,0,0,0,0,3,1,1,NA,NA,NA,NA,NA,NA,NA,NA,NA
850,Luce PV,0,1,0,1,5,5,1,3,0,1,1,1,1,1,0,1,1,0,1,0,0,5,1,3,3,9,0,0,0,0,0,0,0,0,0,3,1,1,NA,NA,NA,NA,NA,NA,NA,NA,NA
851,Eusake01,0,1,0,1,5,5,1,1,0,1,1,1,1,1,0,1,1,0,1,0,0,5,1,3,5,9,0,0,0,0,0,0,0,0,0,3,1,1,NA,NA,NA,NA,NA,NA,NA,NA,NA
852,Eusake02,3,1,0,1,7,5,1,3,0,1,1,1,1,1,0,1,1,0,9,5,7,5,1,3,5,9,0,0,0,0,0,0,0,0,0,3,1,1,NA,NA,NA,NA,NA,NA,NA,NA,NA
853,MZA11,5,1,0,1,7,3,1,3,0,1,1,1,1,1,0,1,1,0,1,0,0,1,1,3,3,9,0,0,0,0,0,0,0,0,0,3,1,1,NA,NA,NA,NA,NA,NA,NA,NA,NA
854,SA2001,0,1,0,1,7,5,3,3,0,1,1,1,7,1,0,1,1,0,9,5,7,3,4,3,5,7,0,0,0,0,0,0,0,0,0,3,1,1,NA,NA,NA,NA,NA,NA,NA,NA,NA
855,SA2002,0,1,0,1,5,5,3,3,0,1,1,1,1,1,0,1,1,0,9,2,3,5,1,0,0,0,0,0,0,0,0,0,0,0,0,3,1,1,NA,NA,NA,NA,NA,NA,NA,NA,NA
856,SA2003,0,1,0,1,5,5,1,1,0,1,1,1,1,1,0,1,1,0,1,0,0,3,1,2,3,5,0,0,0,0,0,0,0,0,0,3,1,1,NA,NA,NA,NA,NA,NA,NA,NA,NA
857,SA2004,0,9,2,9,5,7,3,3,0,1,3,5,7,1,0,1,1,0,1,0,0,5,3,3,3,7,0,0,0,0,0,0,0,0,0,3,1,1,NA,NA,NA,NA,NA,NA,NA,NA,NA
858,Sunrose PV,0,1,0,1,7,5,1,3,0,1,1,1,1,1,0,1,1,0,1,0,0,1,1,3,3,7,0,0,0,0,0,0,0,0,0,3,1,1,NA,NA,NA,NA,NA,NA,NA,NA,NA
859,Aivori,5,9,0,9,5,5,3,3,7,1,1,1,1,1,3,1,1,5,1,0,0,3,1,3,3,7,7,2,5,7,5,7,5,3,1,3,2,1,93,72,19,160,33.16,8.52,3.3,6.42,2.84
860,Ebano max,5,1,0,1,3,3,5,5,1,1,1,1,1,1,0,1,1,0,1,0,0,5,1,3,3,9,1,0,0,0,0,0,0,0,9,3,1,1,65,NA,NA,110,NA,NA,NA,NA,NA
861,Enea,5,1,0,1,5,7,3,3,5,1,1,1,1,1,5,1,1,5,1,0,0,5,1,2,3,9,7,2,5,3,7,3,7,2,1,3,1,1,85,87,18,160,30.2,6.76,3.75,5.08,3.36
862,Etrusco,5,1,0,1,7,5,1,3,7,1,1,1,7,1,5,1,1,7,1,0,0,3,6,3,3,9,7,2,7,7,5,7,5,3,1,3,0,1,95,87,21,155,36.56,9.01,3.42,7.01,2.94
863,Fortunato,5,1,0,1,3,5,1,3,7,1,1,1,1,1,5,1,1,3,1,0,0,5,1,1,1,9,9,2,5,3,5,3,5,2,1,3,1,1,95,80,10,165,28.1,6.94,3.54,5.08,3.1
864,Garbell,5,1,0,1,3,5,3,3,5,1,1,1,1,1,3,1,1,5,1,0,0,7,1,2,5,7,5,2,5,5,7,5,7,2,1,3,0,1,85,68,16,145,33.9,8.21,3.86,6.18,3.24
865,Kaldor,5,1,0,1,7,7,3,5,7,1,1,1,1,1,5,1,1,7,1,0,0,5,1,3,3,7,7,2,7,7,5,7,5,3,1,3,1,1,90,80,21,150,40,9.83,3.61,7.6,3
866,Lluent,5,1,0,1,5,3,1,1,7,1,1,1,7,5,1,1,1,7,1,0,0,1,5,3,3,3,5,2,5,7,3,7,3,5,1,3,0,1,90,48,21,140,28.33,9.2,2.75,7.18,2.38
867,Minosse,5,1,0,1,7,5,3,5,5,1,1,1,1,1,5,1,1,5,9,2,1,1,1,3,3,9,5,2,7,7,7,7,7,3,1,3,1,1,89,85,20,142,45.81,9.17,3.95,7.09,3.54
868,Polizesti 19,5,1,0,1,3,5,3,3,0,1,1,1,1,1,0,1,1,0,1,0,0,5,1,2,3,9,0,2,5,5,5,5,5,2,1,3,0,1,NA,NA,NA,NA,31.48,7.67,3.63,5.76,3.16
869,Sofia,5,1,0,1,7,5,3,5,5,1,1,1,1,1,5,1,1,5,1,0,0,1,1,3,5,9,3,2,0,0,0,0,0,0,0,3,0,1,85,80,15,135,NA,NA,NA,NA,NA
